current_id,name,formula,compartment,charge,suggested_new_id
cpd02096_c0,L-3-Amino-isobutyrate,C4H9NO2,c0,0,
cpd00693_c0,D-Lactaldehyde,C3H6O2,c0,0,
cpd00066_e0,L-Phenylalanine,C9H11NO2,e0,0,
cpd11512_c0,12-methyl-3-oxo-tetra-decanoyl-ACP,C26H47N2O9PRS,c0,-1,
cpd15422_c0,"CDP-1,2-ditetradec-7-enoylglycerol",C40H67N3O15P2,c0,-2,
cpd00226_c0,HYXN,C5H4N4O,c0,0,
cpd15796_c0,Isotetradecanoylcardiolipin (B. subtilis),C65H124O17P2,c0,-2,
cpd00001_c0,H2O,H2O,c0,0,
cpd03586_c0,kdo2-lipid iva,C84H148N2O37P2,c0,-6,
cpd00557_c0,Siroheme,C42H36FeN4O16,c0,-8,
cpd11640_c0,H2,H2,c0,0,
cpd08287_c0,4--cytidine5-diphospho-2-C-methyl-D-erythritol,C14H23N3O14P2,c0,-2,
cpd11544_c0,15-methyl-hexa-decanoyl-ACP,C28H53N2O8PRS,c0,-2,
cpd01262_c0,Amylotriose,C18H32O16,c0,0,
cpd00751_e0,L-Fucose,C6H12O5,e0,0,
cpd11537_c0,13-methyl-3-oxo-tetra-decanoyl-ACP,C26H47N2O9PRS,c0,-1,
cpd12237_c0,Peptide-L-methionine,C6H10N2O2R2S,c0,0,
cpd02074_c0,2-Oxo-6-aminocaproate,C6H11NO3,c0,0,
cpd01974_c0,4-Hydroxy-L-glutamate,C5H8NO5,c0,-1,
cpd00007_e0,O2,O2,e0,0,
cpd00241_c0,dGTP,C10H13N5O13P3,c0,-3,
cpd00724_c0,alpha-D-Galactose,C6H12O6,c0,0,
cpd05262_e0,galacturonate,C6H9O7,e0,-1,
cpd15500_c0,Menaquinone 8,C51H72O2,c0,0,
cpd04097_c0,Pb,Pb,c0,2,
cpd15529_c0,phosphatidylethanolamine ditetradecanoyl,C33H66NO8P,c0,0,
cpd00322_c0,L-Isoleucine,C6H13NO2,c0,0,
cpd03426_c0,Sirohydrochlorin,C42H38N4O16,c0,-8,
cpd00447_c0,Betaine aldehyde,C5H12NO,c0,1,
cpd00909_c0,1-Aminocyclopropane-1-carboxylate,C4H7NO2,c0,0,
cpd02738_c0,5-Methyltetrahydropteroyltri-L-glutamate,C30H35N9O12,c0,-4,
cpd00077_c0,Catechol,C6H6O2,c0,0,
cpd01042_c0,p-Cresol,C7H8O,c0,0,
cpd11543_c0,15-methyl-trans-hexa-dec-2-enoyl-ACP,C28H51N2O8PRS,c0,-1,
cpd01567_c0,(R)-Allantoin,C4H6N4O3,c0,0,
cpd15421_c0,"CDP-1,2-dioctadecanoylglycerol",C48H87N3O15P2,c0,-2,
cpd00091_c0,UMP,C9H11N2O9P,c0,-2,
cpd15698_c0,Diisopentadecanoylphosphatidylethanolamine,C35H70NO8P,c0,0,
cpd15541_c0,Phosphatidylglycerol dioctadec-11-enoyl,C42H78O10P,c0,-1,
cpd01716_c0,3-Dehydroshikimate,C7H7O5,c0,-1,
cpd01914_c0,L-Methionine S-oxide,C5H11NO3S,c0,0,
cpd02210_c0,Indoleglycerol phosphate,C11H12NO6P,c0,-2,
cpd01693_c0,6-Phosphosucrose,C12H21O14P,c0,-2,
cpd01919_c0,maltose-6-phosphate,C12H21O14P,c0,-2,
cpd00205_c0,K+,K,c0,1,
cpd15315_c0,1-Acyl-sn-glycero-3-phosphoethanolamine tetradec-7-enoyl,C19H38NO7P,c0,0,
cpd02124_c0,2-Methylacetoacetyl-CoA,C26H38N7O18P3S,c0,-4,
cpd00066_c0,L-Phenylalanine,C9H11NO2,c0,0,
cpd11472_c0,Hexanoyl-ACP,C17H31N2O8PRS,c0,-2,
cpd12543_c0,Carboxybiotin-carboxyl-carrier protein,C18H26N5O6R2S,c0,-1,
cpd15703_c0,"1,2-Diisotetradecanoyl-sn-glycerol",C31H60O5,c0,0,
cpd00114_c0,IMP,C10H11N4O8P,c0,-2,
cpd00774_c0,UroporphyrinogenIII,C40H36N4O16,c0,-8,
cpd11583_e0,Ala-Leu,C9H18N2O3,e0,0,
cpd00938_c0,4-Carboxymuconolactone,C7H4O6,c0,-2,
cpd16080_c0,phosphatidate (Saureus),X,c0,0,
cpd02968_c0,UDP-N-acetylmuramoyl-L-alanyl-D-glutamyl-6-carboxy-L-lysyl-D-alanyl- D-alanine,C41H61N9O28P2,c0,-4,
cpd02967_c0,"N-Acetyl-beta-D-mannosaminyl-1,4-N-acetyl-D- glucosaminyldiphosphoundecaprenol",C71H116N2O17P2,c0,-2,
cpd01298_c0,Aminoacetone,C3H8NO,c0,1,
cpd00428_c0,2-Oxopropanal,C3H4O2,c0,0,
cpd03002_c0,Lipid A disaccharide,C68H127N2O20P,c0,-2,
cpd00089_c0,Glucose-1-phosphate,C6H11O9P,c0,-2,
cpd00367_c0,Cytidine,C9H13N3O5,c0,0,
cpd15499_c0,Menaquinol 8,C51H74O2,c0,0,
cpd00083_c0,GDP-mannose,C16H23N5O16P2,c0,-2,
cpd00082_c0,D-Fructose,C6H12O6,c0,0,
cpd15604_e0,Gly-Leu,C8H16N2O3,e0,0,
cpd00478_c0,Pyridoxine phosphate,C8H10NO6P,c0,-2,
cpd00046_c0,CMP,C9H12N3O8P,c0,-2,
cpd00300_c0,Urate,C5H4N4O3,c0,0,
cpd00156_c0,L-Valine,C5H11NO2,c0,0,
cpd15544_c0,Phosphatidylglycerophosphate ditetradec-7-enoyl,C34H62O13P2,c0,-2,
cpd15557_c0,phosphatidylserine dioctadecanoyl,C42H80NO10P,c0,-2,
cpd00209_c0,Nitrate,NO3,c0,-1,
cpd00024_c0,2-Oxoglutarate,C5H4O5,c0,-2,
cpd00086_c0,Propionyl-CoA,C24H36N7O17P3S,c0,-4,
cpd01734_e0,"D-Galactono-1,5-lactone",C6H10O6,e0,0,
cpd11475_c0,(2E)-Decenoyl-[acp],C21H37N2O8PRS,c0,-2,
cpd03572_c0,(S)-3-Hydroxyisobutyryl-CoA,C25H38N7O18P3S,c0,-4,
cpd02884_c0,FAICAR,C10H13N4O9P,c0,-2,
cpd15685_c0,"CDP-1,2-diisotetradecanoylglycerol",C40H71N3O15P2,c0,-2,
cpd03449_c0,"2-Octaprenyl-3-methyl-5-hydroxy-6-methoxy-1,4-benzoquinone",C48H74O4,c0,0,
cpd00018_c0,AMP,C10H12N5O7P,c0,-2,
cpd00358_c0,dUTP,C9H12N2O14P3,c0,-3,
cpd00797_e0,(R)-3-Hydroxybutanoate,C4H7O3,e0,-1,
cpd02921_c0,SAICAR,C13H15N4O12P,c0,-4,
cpd02612_c0,N-Acetylmannosamine 6-phosphate,C8H14NO9P,c0,-2,
cpd00793_c0,Thiamine phosphate,C12H17N4O4PS,c0,0,
cpd02904_c0,alpha-Ribazole 5'-phosphate,C14H17N2O7P,c0,-2,
cpd12370_c0,apo-ACP,HOR,c0,0,
cpd03124_c0,Hexanoyl-CoA,C27H42N7O17P3S,c0,-4,
cpd00171_c0,D-Ribulose5-phosphate,C5H9O8P,c0,-2,
cpd00061_c0,Phosphoenolpyruvate,C3H2O6P,c0,-3,
cpd11542_c0,15-methyl-3-hydroxy-hexa-decanoyl-ACP,C28H53N2O9PRS,c0,-1,
cpd00122_c0,N-Acetyl-D-glucosamine,C8H15NO6,c0,0,
cpd11440_c0,fa6,C16H31O2,c0,-1,
cpd00412_c0,Deoxyuridine,C9H12N2O5,c0,0,
cpd03646_c0,gamma-Glutamyl-3-aminopropiononitrile,C8H13N3O3,c0,0,
cpd00159_c0,L-Lactate,C3H5O3,c0,-1,
cpd11521_c0,5-methyl-3-oxo-hexanoyl-ACP,C18H31N2O9PRS,c0,-1,
cpd03696_e0,Ursin,C12H16O7,e0,0,
cpd04242_c0,DKH,C6H9O6,c0,-1,
cpd15313_c0,1-Acyl-sn-glycero-3-phosphoethanolamine dodecanoyl,C17H36NO7P,c0,0,
cpd11478_c0,(R)-3-Hydroxybutanoyl-[acyl-carrier protein],C15H27N2O9PRS,c0,-1,
biomass_e0,biomass_e0,X,e0,0,
cpd00924_c0,AppppA,C20H24N10O19P4,c0,-4,
cpd03847_c0,Myristic acid,C14H27O2,c0,-1,
cpd15679_c0,"1,2-diisotetradecanoyl-sn-glycerol 3-phosphate",C31H60O8P,c0,-1,
cpd15338_c0,2-Acyl-sn-glycero-3-phosphoethanolamine tetradec-7-enoyl,C19H38NO7P,c0,0,
cpd00363_c0,Ethanol,C2H6O,c0,0,
cpd15423_c0,"CDP-1,2-ditetradecanoylglycerol",C40H71N3O15P2,c0,-2,
cpd00482_c0,2-Phospho-D-glycerate,C3H4O7P,c0,-3,
cpd02030_c0,3-phosphoshikimate,C7H8O8P,c0,-3,
cpd02820_c0,UDP-N-acetylglucosamine enolpyruvate,C20H26N3O19P2,c0,-3,
cpd00339_c0,5-Aminopentanoate,C5H11NO2,c0,0,
cpd00128_c0,Adenine,C5H5N5,c0,0,
cpd11500_c0,6-methyl-3-oxo-octanoyl-ACP,C20H35N2O9PRS,c0,-1,
cpd03762_c0,"cis-1,2-dihydroxybenzoate",C7H7O4,c0,-1,
cpd00804_c0,Sorbitol 6-phosphate,C6H13O9P,c0,-2,
cpd00025_c0,H2O2,H2O2,c0,0,
cpd02394_c0,GAR,C7H14N2O8P,c0,-1,
cpd00641_c0,L-Histidinol,C6H12N3O,c0,1,
Protein_c0,Protein_c0,X,c0,0,
cpd11486_c0,3-Oxohexanoyl-[acp],C17H30N2O9PRS,c0,-2,
cpd03734_c0,Acetamide,C2H5NO,c0,0,
cpd00616_c0,Pretyrosine,C10H12NO5,c0,-1,
cpd03078_c0,Selenophosphate,H2O3PSe,c0,-1,
cpd15319_c0,1-Acyl-sn-glycero-3-phosphoglycerol tetradecanoyl,C20H40O9P,c0,-1,
cpd00331_c0,cis-Aconitate,C6H3O6,c0,-3,
cpd00355_e0,Nicotinamide ribonucleotide,C11H14N2O8P,e0,-1,
cpd11563_c0,12-methyl-3-hydroxy-tridecanoyl-ACP,C25H47N2O9PRS,c0,-1,
cpd11488_c0,Acetoacetyl-ACP,C15H26N2O9PRS,c0,-2,
cpd03561_e0,2-Hydroxybutyrate,C4H7O3,e0,-1,
cpd17043_c0,RNA transcription,X,c0,0,
cpd15329_c0,1-octadecanoyl-sn-glycerol 3-phosphate,C21H41O7P,c0,-2,
cpd00658_c0,Isochorismate,C10H8O6,c0,-2,
cpd11562_c0,12-methyl-3-oxo-tridecanoyl-ACP,C25H45N2O9PRS,c0,-1,
cpd00279_c0,Acetoacetyl-CoA,C25H36N7O18P3S,c0,-4,
cpd02721_c0,DKHP,C6H8O9P,c0,-3,
cpd11473_c0,(2E)-Hexenoyl-[acp],C17H29N2O8PRS,c0,-1,
cpd02197_c0,5-Formyltetrahydrofolate,C20H21N7O7,c0,-2,
cpd03446_c0,2-Octaprenyl-6-methoxyphenol,C47H72O2,c0,0,
cpd00193_c0,APS,C10H12N5O10PS,c0,-2,
cpd11585_c0,L-alanylglycine,C5H10N2O3,c0,0,
cpd11565_c0,12-methyl-tridecanoyl-ACP,C25H47N2O8PRS,c0,-2,
cpd03525_c0,N-Succinyl-L-glutamate,C9H10NO7,c0,-3,
cpd15605_c0,Gly-Phe,C11H14N2O3,c0,0,
cpd00383_c0,Shikimate,C7H9O5,c0,-1,
cpd02886_c0,UDP-3-O-(beta-hydroxymyristoyl)-N-acetylglucosamine,C31H51N3O19P2,c0,-2,
cpd11541_c0,15-methyl-3-oxo-hexa-decanoyl-ACP,C28H51N2O9PRS,c0,-1,
cpd03916_c0,Adenosyl cobyrinate diamide,C55H68CoN11O15,c0,-4,
cpd00531_e0,Hg2+,Hg,e0,2,
cpd14507_c0,Peptide-L-methionine (R)-S-oxide,C6H10N2O3R2S,c0,0,
cpd00283_c0,Geranyldiphosphate,C10H18O7P2,c0,-2,
cpd00047_e0,Formate,CHO2,e0,-1,
cpd11420_c0,trdox,C10H13N4O4R4S2,c0,1,
cpd00098_c0,Choline,C5H14NO,c0,1,
cpd10515_e0,Fe+2,Fe,e0,2,
cpd02566_c0,"2,3-Dihydroxy-2,3-dihydrobenzoate",C7H7O4,c0,-1,
cpd03847_e0,Myristic acid,C14H27O2,e0,-1,
cpd00236_c0,D-Erythrose4-phosphate,C4H7O7P,c0,-2,
cpd00015_c0,FAD,C27H31N9O15P2,c0,-2,
cpd11538_c0,13-methyl-3-hydroxy-tetra-decanoyl-ACP,C26H49N2O9PRS,c0,-1,
cpd00153_c0,Benzoate,C7H5O2,c0,-1,
cpd15274_c0,Octadecenoyl-CoA,C39H65N7O17P3S,c0,-3,
cpd15726_c0,Dianteisopentadecanoylphosphatidylglycerol,C36H70O10P,c0,-1,
cpd00524_c0,2-Inosose,C6H10O6,c0,0,
cpd00207_c0,Guanine,C5H5N5O,c0,0,
cpd11548_c0,4-methyl-trans-pent-2-enoyl-ACP,C17H29N2O8PRS,c0,-1,
cpd15547_c0,Phosphatidylglycerophosphate dioctadecanoyl,C42H82O13P2,c0,-2,
cpd03187_c0,Oxalosuccinate,C6H3O7,c0,-3,
cpd02569_c0,2-Oxo-3-hydroxyisovalerate,C5H7O4,c0,-1,
cpd12072_c0,Protein dithiol,C7H11N3O3R2S2,c0,0,
cpd00036_e0,Succinate,C4H4O4,e0,-2,
cpd00790_c0,O-Acetyl-L-homoserine,C6H11NO4,c0,0,
cpd03424_c0,Vitamin B12,C62H91CoN13O14PR,c0,3,
cpd11503_c0,6-methyl-octanoyl-ACP,C20H37N2O8PRS,c0,-1,
cpd11584_e0,Ala-His,C9H14N4O3,e0,0,
cpd00200_c0,4MOP,C6H9O3,c0,-1,
cpd11536_c0,11-methyl-dodecanoyl-ACP,C24H45N2O8PRS,c0,-1,
cpd11606_c0,Menaquinone 7,C46H64O2,c0,0,
cpd00802_c0,D-fructose-1-phosphate,C6H11O9P,c0,-2,
cpd01030_e0,Salicin,C13H18O7,e0,0,
cpd15605_e0,Gly-Phe,C11H14N2O3,e0,0,
cpd15606_c0,Gly-Tyr,C11H14N2O4,c0,0,
cpd00259_c0,D-Lyxulose,C5H10O5,c0,0,
cpd00024_e0,2-Oxoglutarate,C5H4O5,e0,-2,
cpd16062_c0,Citrate-Mg,C6H5MgO7,c0,-1,
cpd11496_c0,4-methyl-3-oxo-hexanoyl-ACP,C18H31N2O9PRS,c0,-1,
cpd00235_c0,D-mannose-6-phosphate,C6H11O9P,c0,-2,
cpd00170_c0,Gluconolactone,C6H10O6,c0,0,
cpd02125_c0,Tiglyl-CoA,C26H38N7O17P3S,c0,-4,
cpd00213_c0,Lipoamide,C8H15NOS2,c0,0,
cpd16540_c0,5-Deoxy glucuronic acid,C6H9O6,c0,-1,
cpd15555_c0,phosphatidylserine dihexadecanoyl,C38H72NO10P,c0,-2,
cpd06227_c0,THF-L-glutamate,C29H33N9O12,c0,-4,
cpd10162_c0,(R)-3-Hydroxy-3-methyl-2-oxopentanoate,C6H9O4,c0,-1,
cpd02894_c0,4-Amino-2-methyl-5-diphosphomethylpyrimidine,C6H9N3O7P2,c0,-2,
cpd00115_c0,dATP,C10H13N5O12P3,c0,-3,
cpd15702_c0,"1,2-Dianteisoheptadecanoyl-sn-glycerol",C37H72O5,c0,0,
cpd00197_c0,Protocatechuate,C7H5O4,c0,-1,
cpd00129_e0,L-Proline,C5H9NO2,e0,0,
cpd03831_c0,ADP-L-glycero-D-manno-heptose,C17H25N5O16P2,c0,-2,
cpd11558_c0,10-methyl-3-oxo-undecanoyl-ACP,C23H41N2O9PRS,c0,-1,
cpd02089_c0,5-Oxopentanoate,C5H7O3,c0,-1,
cpd01262_e0,Amylotriose,C18H32O16,e0,0,
cpd03897_c0,4a-Hydroxytetrahydrobiopterin,C9H15N5O4,c0,0,
cpd29840_c0,Melibiose,X,c0,0,
cpd00637_e0,D-Methionine,C5H11NO2S,e0,0,
cpd11502_c0,6-methyl-trans-oct-2-enoyl-ACP,C20H35N2O8PRS,c0,-1,
cpd00856_c0,"3-Carboxy-cis,cis-muconate",C7H3O6,c0,-3,
cpd11592_e0,gly-glu-L,C7H11N2O5,e0,-1,
cpd00082_e0,D-Fructose,C6H12O6,e0,0,
cpd00012_c0,PPi,HO7P2,c0,-3,
cpd02095_c0,"L-2,4-Diaminobutyrate",C4H11N2O2,c0,1,
cpd02978_c0,"7,8-Dihydroneopterin 3'-triphosphate",C9H12N5O13P3,c0,-4,
cpd00448_c0,D-Glyceraldehyde,C3H6O3,c0,0,
cpd11479_c0,D-3-Hydroxyhexanoyl-[acp],C17H31N2O9PRS,c0,-2,
cpd00056_c0,TPP,C12H17N4O7P2S,c0,-1,
cpd00048_e0,Sulfate,O4S,e0,-2,
cpd11255_c0,"1,2-dihydroxy-3-keto-5-methylthiopentene",C6H10O3S,c0,0,
cpd00033_c0,Glycine,C2H5NO2,c0,0,
cpd00161_c0,L-Threonine,C4H9NO3,c0,0,
cpd03421_c0,Cobyrinate,C45H52CoN4O14,c0,-6,
cpd02979_c0,phosphoribosylformiminoaicar-phosphate,C15H21N5O15P2,c0,-4,
cpd00162_c0,Aminoethanol,C2H8NO,c0,1,
cpd02090_c0,Glycerophosphoglycerol,C6H14O8P,c0,-1,
cpd00810_c0,Orotidylic acid,C10H10N2O11P,c0,-3,
cpd01017_e0,Cys-Gly,C5H10N2O3S,e0,0,
cpd01695_c0,Myristoyl-CoA,C35H58N7O17P3S,c0,-4,
cpd02168_c0,Prephytoene diphosphate,C40H66O7P2,c0,-2,
cpd15306_c0,"1,2-Diacyl-sn-glycerol didodecanoyl",C27H52O5,c0,0,
cpd00794_c0,TRHL,C12H22O11,c0,0,
cpd15677_c0,"1,2-diisoheptadecanoyl-sn-glycerol 3-phosphate",C37H72O8P,c0,-1,
cpd11528_c0,7-methyl-octanoyl-ACP,C20H37N2O8PRS,c0,-1,
cpd02143_c0,"D-Galactono-1,4-lactone",C6H10O6,c0,0,
cpd00387_c0,ADPglucose,C16H23N5O15P2,c0,-2,
cpd15724_c0,Diisotetradecanoylphosphatidylglycerol,C34H66O10P,c0,-1,
cpd08625_c0,5-Hydroxyisourate,C5H4N4O4,c0,0,
cpd11584_c0,Ala-His,C9H14N4O3,c0,0,
cpd02333_c0,Quinolinate,C7H3NO4,c0,-2,
cpd00146_c0,Carbamoylphosphate,CH2NO5P,c0,-2,
cpd01997_c0,Dimethylbenzimidazole,C9H10N2,c0,0,
cpd00340_c0,"2,5-Dioxopentanoate",C5H5O4,c0,-1,
cpd00162_e0,Aminoethanol,C2H8NO,e0,1,
cpd00139_c0,Glycolate,C2H3O3,c0,-1,
cpd03674_c0,2-Dehydro-3-deoxy-D-fuconate,C6H9O5,c0,-1,
cpd11552_c0,6-methyl-trans-hept-2-enoyl-ACP,C19H33N2O8PRS,c0,-1,
cpd11591_e0,Gly-Met,C7H14N2O3S,e0,0,
cpd15419_c0,"CDP-1,2-dihexadecanoylglycerol",C44H79N3O15P2,c0,-2,
cpd11540_c0,13-methyl-tetra-decanoyl-ACP,C26H49N2O8PRS,c0,-2,
cpd15345_c0,2-Acyl-sn-glycero-3-phosphoglycerol tetradec-7-enoyl,C20H38O9P,c0,-1,
cpd02230_c0,Inositol 4-phosphate,C6H11O9P,c0,-2,
cpd00350_c0,Farnesyldiphosphate,C15H26O7P2,c0,-2,
cpd06707_c0,Benzamide,C7H7NO,c0,0,
cpd03447_c0,"2-Octaprenyl-6-methoxy-1,4-benzoquinone",C47H70O3,c0,0,
cpd03205_c0,Phytoene,C40H64,c0,0,
cpd03121_c0,3-Oxooctanoyl-CoA,C29H44N7O18P3S,c0,-4,
cpd15317_c0,1-Acyl-sn-glycero-3-phosphoethanolamine hexadec-9-enoyl,C21H42NO7P,c0,0,
cpd11570_c0,3-Oxooctodecanoyl-ACP,C29H53N2O9PRS,c0,-1,
cpd00101_c0,ribose-5-phosphate,C5H9O8P,c0,-2,
cpd00098_e0,Choline,C5H14NO,e0,1,
cpd02465_c0,tetrahydrodipicolinate,C7H7NO4,c0,-2,
cpd00070_c0,Malonyl-CoA,C24H33N7O19P3S,c0,-5,
cpd11439_c0,fa4coa,C36H61N7O17P3S,c0,-3,
cpd03091_c0,5'-Deoxyadenosine,C10H13N5O3,c0,0,
cpd00223_c0,Glycerate,C3H5O4,c0,-1,
cpd15417_c0,"CDP-1,2-didodecanoylglycerol",C36H63N3O15P2,c0,-2,
cpd00314_e0,D-Mannitol,C6H14O6,e0,0,
cpd00932_c0,5-O--1-Carboxyvinyl-3-phosphoshikimate,C10H9O10P,c0,-4,
cpd02740_c0,"Guanosine 5'-triphosphate,3'-diphosphate",C10H12N5O20P5,c0,-6,
cpd00515_c0,5-Dehydro-4-deoxy-D-glucarate,C6H6O7,c0,-2,
cpd00214_e0,Palmitate,C16H31O2,e0,-1,
cpd15354_c0,2-hexadec-9-enoyl-sn-glycerol 3-phosphate,C19H36O7P,c0,-1,
cpd15794_c0,Isoheptadecanoylcardiolipin (B. subtilis),C77H148O17P2,c0,-2,
cpd11518_c0,14-methyl-trans-hexa-dec-2-enoyl-ACP,C28H51N2O8PRS,c0,-1,
cpd00341_c0,N-Carbamoylputrescine,C5H14N3O,c0,1,
cpd03445_c0,2-Octaprenyl-6-hydroxyphenol,C46H70O2,c0,0,
cpd03113_c0,(S)-3-Hydroxyhexadecanoyl-CoA,C37H62N7O18P3S,c0,-4,
cpd15355_c0,2-hexadecanoyl-sn-glycerol 3-phosphate,C19H38O7P,c0,-1,
cpd00179_e0,Maltose,C12H22O11,e0,0,
cpd19178_c0,D-Glucuronic acid,C6H9O7,c0,-1,
cpd00023_c0,L-Glutamate,C5H8NO4,c0,-1,
cpd01507_c0,3-Oxoadipyl-CoA,C27H37N7O20P3S,c0,-5,
cpd01399_c0,Maltotetraose,C24H42O21,c0,0,
cpd02345_c0,L-Glutamate1-semialdehyde,C5H9NO3,c0,0,
cpd00860_c0,S-Succinyldihydrolipoamide,C12H20NO4S2,c0,-1,
cpd03424_e0,Vitamin B12,C62H91CoN13O14PR,e0,3,
cpd02536_c0,Muconolactone,C6H5O4,c0,-1,
cpd09027_c0,"5-Hydroxy-2-oxo-4-ureido-2,5-dihydro-1H-imidazole-5-carboxylate",C5H5N4O5,c0,-1,
cpd15523_c0,"1,2-ditetradec-7-enoyl-sn-glycerol 3-phosphate",C31H56O8P,c0,-1,
cpd11529_c0,9-methyl-3-oxo-decanoyl-ACP,C22H39N2O9PRS,c0,-1,
cpd01741_c0,ddca,C12H23O2,c0,-1,
cpd00930_c0,imidazole acetol-phosphate,C6H7N2O5P,c0,-2,
cpd00780_c0,Fumarylacetoacetate,C8H6O6,c0,-2,
cpd11438_c0,fa4,C15H29O2,c0,-1,
cpd00027_c0,D-Glucose,C6H12O6,c0,0,
cpd00196_c0,Acetylphosphate,C2H3O5P,c0,-2,
cpd00179_c0,Maltose,C12H22O11,c0,0,
cpd00205_e0,K+,K,e0,1,
cpd09844_c0,(3S)-3-Hydroxyadipyl-CoA,C27H39N7O20P3S,c0,-5,
cpd03488_c0,Undecaprenyl-diphospho-N-acetylmuramoyl-(N-acetylglucosamine)-L-alanyl-D-glutaminyl-L-lysyl-D-alanyl-D-alanine,C94H155N9O25P2,c0,-2,
cpd00346_c0,L-Aspartate4-semialdehyde,C4H7NO3,c0,0,
cpd02484_c0,Inositol 3-phosphate,C6H11O9P,c0,-2,
cpd01017_c0,Cys-Gly,C5H10N2O3S,c0,0,
cpd02642_c0,N-5-phosphoribosyl-anthranilate,C12H13NO9P,c0,-3,
cpd00238_c0,Sedoheptulose7-phosphate,C7H13O10P,c0,-2,
cpd00030_e0,Mn2+,Mn,e0,2,
cpd03117_c0,3-Oxododecanoyl-CoA,C33H52N7O18P3S,c0,-4,
cpd15694_c0,Diisohexadecanoylphosphatidylserine,C38H72NO10P,c0,-2,
cpd02234_c0,(R)-3-Hydroxybutanoyl-CoA,C25H38N7O18P3S,c0,-4,
cpd00022_c0,Acetyl-CoA,C23H34N7O17P3S,c0,-4,
cpd11493_c0,ACP,C11H22N2O7PRS,c0,-2,
cpd02711_c0,2-Keto-3-deoxy-6-phosphogluconate,C6H8O9P,c0,-3,
cpd11583_c0,Ala-Leu,C9H18N2O3,c0,0,
cpd11510_c0,10-methyl-trans-dodec-2-enoyl-ACP,C24H43N2O8PRS,c0,-1,
cpd00003_c0,NAD,C21H26N7O14P2,c0,-1,
cpd03697_c0,Arbutin-6P,C12H15O10P,c0,-2,
cpd01157_c0,Chitobiose,C16H28N2O11,c0,0,
cpd00232_c0,Neu5Ac,C11H18NO9,c0,-1,
cpd02152_c0,L-Argininosuccinate,C10H17N4O6,c0,-1,
cpd15722_c0,Diisoheptadecanoylphosphatidylglycerol,C40H78O10P,c0,-1,
cpd00338_c0,5-Aminolevulinate,C5H9NO3,c0,0,
cpd00668_c0,ALCTT,C5H7O4,c0,-1,
cpd15336_c0,2-Acyl-sn-glycero-3-phosphoethanolamine dodecanoyl,C17H36NO7P,c0,0,
cpd15727_c0,Diisohexadecanoylphosphatidylglycerol,C38H74O10P,c0,-1,
cpd00065_e0,L-Tryptophan,C11H12N2O2,e0,0,
cpd01012_c0,Cd2+,Cd,c0,2,
cpd03671_c0,D-Glucosamine1-phosphate,C6H13NO8P,c0,-1,
cpd20885_e0,Turanose,C12H22O11,e0,0,
cpd11549_c0,4-methyl-pentanoyl-ACP,C17H31N2O8PRS,c0,-1,
cpd01620_c0,Precorrin 2,C42H41N4O16,c0,-7,
cpd00727_c0,2-Phosphoglycolate,C2H2O6P,c0,-3,
cpd00209_e0,Nitrate,NO3,e0,-1,
cpd00791_c0,ProtoporphyrinogenIX,C34H38N4O4,c0,-2,
cpd00122_e0,N-Acetyl-D-glucosamine,C8H15NO6,e0,0,
cpd00050_c0,FMN,C17H19N4O9P,c0,-2,
cpd15603_c0,Gly-Cys,C5H10N2O3S,c0,0,
cpd02591_c0,pendp,C25H42O7P2,c0,-2,
cpd00014_c0,UDP,C9H12N2O12P2,c0,-2,
cpd15378_c0,4-Hydroxy-benzylalcohol,C7H8O2,c0,0,
cpd00081_c0,Sulfite,HO3S,c0,-1,
cpd15676_c0,1-isohexadecanoyl-sn-glycerol 3-phosphate,C19H38O7P,c0,-1,
cpd15348_c0,2-Acyl-sn-glycero-3-phosphoglycerol octadecanoyl,C24H48O9P,c0,-1,
cpd02083_c0,CoproporphyrinogenIII,C36H40N4O8,c0,-4,
cpd00497_c0,XMP,C10H11N4O9P,c0,-2,
cpd03122_c0,(S)-Hydroxyhexanoyl-CoA,C27H42N7O18P3S,c0,-4,
cpd00386_c0,D-Malate,C4H4O5,c0,-2,
cpd00092_e0,Uracil,C4H4N2O2,e0,0,
cpd00357_c0,TTP,C10H14N2O14P3,c0,-3,
cpd03832_c0,Hydrogenobyrinate,C45H56N4O14,c0,-4,
cpd15137_c0,5-Hydroxyectoine,C6H10N2O3,c0,0,
cpd00106_c0,Fumarate,C4H2O4,c0,-2,
cpd11567_c0,14-methyl-3-hydroxy-pentadecanoyl-ACP,C27H51N2O9PRS,c0,-1,
cpd11505_c0,8-methyl-3-hydroxy-decanoyl-ACP,C22H41N2O9PRS,c0,-1,
cpd11466_c0,Myristoyl-ACP,C25H48N2O8PRS,c0,-2,
cpd15681_c0,"1,2-dianteisopentadecanoyl-sn-glycerol 3-phosphate",C33H64O8P,c0,-1,
cpd00068_c0,ITP,C10H12N4O14P3,c0,-3,
cpd02140_c0,AIR,C8H13N3O7P,c0,-1,
cpd00281_c0,GABA,C4H9NO2,c0,0,
cpd15540_c0,Phosphatidylglycerol dioctadecanoyl,C42H82O10P,c0,-1,
cpd00919_c0,Homocitrate,C7H7O7,c0,-3,
cpd02522_c0,2-Aminoadipate 6-semialdehyde,C6H11NO3,c0,0,
cpd00449_c0,Dihydrolipoamide,C8H17NOS2,c0,0,
cpd01777_c0,Phosphoribosyl-AMP,C15H19N5O14P2,c0,-4,
cpd15239_c0,Hexadecenoyl-ACP,C27H49N2O8PRS,c0,-1,
cpd00028_c0,Heme,C34H30FeN4O4,c0,-2,
cpd11576_c0,L-methionine R-oxide,C5H11NO3S,c0,0,
cpd00202_c0,DMAPP,C5H10O7P2,c0,-2,
cpd00151_c0,Thymine,C5H6N2O2,c0,0,
cpd11491_c0,3-oxotetradecanoyl-acp,C25H46N2O9PRS,c0,-2,
cpd15604_c0,Gly-Leu,C8H16N2O3,c0,0,
cpd00111_c0,Oxidized glutathione,C20H30N6O12S2,c0,-2,
cpd15674_c0,1-isopentadecanoyl-sn-glycerol 3-phosphate,C18H36O7P,c0,-1,
cpd00094_c0,2-Oxobutyrate,C4H5O3,c0,-1,
cpd00004_c0,NADH,C21H27N7O14P2,c0,-2,
cpd00053_c0,L-Glutamine,C5H10N2O3,c0,0,
cpd00650_c0,Crotonyl-CoA,C25H36N7O17P3S,c0,-4,
cpd00287_c0,3-Oxo-2-methylpropanoate,C4H5O3,c0,-1,
cpd00334_c0,L-Lactaldehyde,C3H6O2,c0,0,
cpd03492_c0,Undecaprenyl-diphospho-N-acetylmuramoyl-(N-acetylglucosamine)-L-alanyl-D-isoglutaminyl-L-lysyl-D-alanyl-D-alanine,C94H155N9O25P2,c0,-2,
cpd02851_c0,AICAR,C9H13N4O8P,c0,-2,
cpd00843_c0,Tartronate semialdehyde,C3H3O4,c0,-1,
cpd11432_c0,fa11coa,C38H65N7O17P3S,c0,-3,
cpd01651_c0,L-3-Cyanoalanine,C4H6N2O2,c0,0,
cpd02375_c0,Adenylosuccinate,C14H14N5O11P,c0,-4,
cpd01982_c0,5-Phosphoribosylamine,C5H11NO7P,c0,-1,
cpd00199_c0,4-Oxobutanoate,C4H5O3,c0,-1,
cpd00635_e0,Cbl,C62H88CoN13O14P,e0,-1,
cpd03123_c0,3-Oxohexanoyl-CoA,C27H40N7O18P3S,c0,-4,
cpd00308_c0,Malonate,C3H2O4,c0,-2,
cpd00069_e0,L-Tyrosine,C9H11NO3,e0,0,
cpd00750_c0,D-Fucose,C6H12O5,c0,0,
cpd02498_c0,"2,3-Dihydroxy-isovalerate",C5H9O4,c0,-1,
cpd00689_c0,Porphobilinogen,C10H13N2O4,c0,-1,
cpd00485_c0,D-Mannose1-phosphate,C6H11O9P,c0,-2,
cpd00654_c0,Deoxycytidine,C9H13N3O4,c0,0,
cpd02338_c0,"UDP-D-galacto-1,4-furanose",C15H22N2O17P2,c0,-2,
cpd00408_c0,Pantoate,C6H11O4,c0,-1,
cpd01977_c0,4-Phospho-L-aspartate,C4H6NO7P,c0,-2,
cpd00946_c0,Undecaprenyl diphospho N-acetyl-glucosamine,C63H103NO12P2,c0,-2,
cpd00043_c0,UDP-galactose,C15H22N2O17P2,c0,-2,
cpd11494_c0,Acetyl-ACP,C13H24N2O8PRS,c0,-2,
cpd00141_c0,Propionate,C3H5O2,c0,-1,
cpd15689_c0,Diisoheptadecanoylphosphatidylserine,C40H76NO10P,c0,-2,
cpd02605_c0,2-isopropyl-3-oxosuccinate,C7H8O5,c0,-2,
cpd00868_c0,p-hydroxyphenylpyruvate,C9H7O4,c0,-1,
cpd00113_c0,Isopentenyldiphosphate,C5H10O7P2,c0,-2,
cpd11469_c0,(2E)-Dodecenoyl-[acp],C23H41N2O8PRS,c0,-2,
cpd08316_c0,D-Glycero-D-manno-heptose1-7-bisphosphate,C7H12O13P2,c0,-4,
cpd00434_c0,4-Aminobutanal,C4H10NO,c0,1,
cpd02724_c0,N-Succinyl-L-2-amino-6-oxopimelate,C11H12NO8,c0,-3,
cpd15311_c0,"1,2-Diacyl-sn-glycerol dioctadecanoyl",C39H76O5,c0,0,
cpd15545_c0,Phosphatidylglycerophosphate dihexadecanoyl,C38H74O13P2,c0,-2,
cpd15322_c0,1-Acyl-sn-glycero-3-phosphoglycerol hexadec-9-enoyl,C22H42O9P,c0,-1,
cpd00876_c0,3-Hydroxyisobutyrate,C4H7O3,c0,-1,
cpd11425_c0,2dmmq7,C20H22O2,c0,0,
cpd00149_e0,Co2+,Co,e0,2,
cpd00147_c0,5-Methylthioadenosine,C11H15N5O3S,c0,0,
cpd00908_c0,Glycerophosphoethanolamine,C5H14NO6P,c0,0,
cpd11586_e0,ala-L-glu-L,C8H13N2O5,e0,-1,
cpd15696_c0,Dianteisoheptadecanoylphosphatidylethanolamine,C39H78NO8P,c0,0,
cpd03918_c0,Adenosyl cobinamide,C58H84CoN16O11,c0,1,
cpd01217_c0,Xanthosine,C10H12N4O6,c0,0,
cpd11416_c0,Biomass,X,c0,0,
cpd11490_c0,3-oxooctanoyl-acp,C19H34N2O9PRS,c0,-2,
cpd08301_c0,2-C-methyl-D-erythritol2-4-cyclodiphosphate,C5H10O9P2,c0,-2,
cpd33909_c0,"1,4-galactarolactone",C6H7O7,c0,-1,
cpd00797_c0,(R)-3-Hydroxybutanoate,C4H7O3,c0,-1,
cpd15678_c0,"1,2-dianteisoheptadecanoyl-sn-glycerol 3-phosphate",C37H72O8P,c0,-1,
cpd15525_c0,"1,2-dihexadec-9-enoyl-sn-glycerol 3-phosphate",C35H64O8P,c0,-1,
cpd00290_c0,"D-fructose-1,6-bisphosphate",C6H10O12P2,c0,-4,
cpd15546_c0,Phosphatidylglycerophosphate dihexadec-9-enoyl,C38H70O13P2,c0,-2,
cpd15692_c0,Diisopentadecanoylphosphatidylserine,C36H68NO10P,c0,-2,
cpd15340_c0,2-Acyl-sn-glycero-3-phosphoethanolamine hexadec-9-enoyl,C21H42NO7P,c0,0,
cpd02016_c0,N-Ribosylnicotinamide,C11H15N2O5,c0,1,
cpd00067_c0,H+,H,c0,1,
cpd15321_c0,1-Acyl-sn-glycero-3-phosphoglycerol hexadecanoyl,C22H44O9P,c0,-1,
cpd01015_c0,Cyanate,CNO,c0,-1,
cpd15701_c0,"1,2-Diisoheptadecanoyl-sn-glycerol",C37H72O5,c0,0,
cpd00764_c0,7-8-Diaminononanoate,C9H21N2O2,c0,1,
cpd08211_c0,"trans,trans,cis-Geranylgeranyl diphosphate",C20H34O7P2,c0,-2,
cpd15324_c0,1-Acyl-sn-glycero-3-phosphoglycerol octadec-11-enoyl,C24H46O9P,c0,-1,
cpd15705_c0,"1,2-Dianteisopentadecanoyl-sn-glycerol",C33H64O5,c0,0,
cpd03914_c0,Cob(II)yrinate diamide,C45H56CoN6O12,c0,-4,
cpd11560_c0,10-methyl-trans-undec-2-enoyl-ACP,C23H41N2O8PRS,c0,-1,
cpd00218_c0,Niacin,C6H4NO2,c0,-1,
cpd00327_c0,strcoa,C39H66N7O17P3S,c0,-4,
cpd11520_c0,isovaleryl-ACP,C16H29N2O8PRS,c0,-2,
cpd04122_c0,Aminoacetaldehyde,C2H6NO,c0,1,
cpd00060_e0,L-Methionine,C5H11NO2S,e0,0,
cpd15719_c0,Diisopentadecanoylphosphatidylglycerophosphate,C36H70O13P2,c0,-2,
cpd01101_c0,Carbamate,CH2NO2,c0,-1,
cpd02625_c0,3-Hydroxy-L-1-pyrroline-5-carboxylate,C5H6NO3,c0,-1,
cpd00286_c0,Undecaprenylphosphate,C55H89O4P,c0,-2,
cpd15298_c0,tetradecenoate,C14H25O2,c0,-1,
cpd03416_c0,CoproporphyrinogenI,C36H40N4O8,c0,-4,
cpd11527_c0,7-methyl-trans-oct-2-enoyl-ACP,C20H35N2O8PRS,c0,-1,
cpd03126_c0,(2E)-Hexadecenoyl-CoA,C37H60N7O17P3S,c0,-4,
cpd02862_c0,UDPMurAc(oyl-L-Ala-D-gamma-Glu-L-Lys-D-Ala-D-Ala),C40H62N9O26P2,c0,-3,
cpd15548_c0,Phosphatidylglycerophosphate dioctadec-11-enoyl,C42H78O13P2,c0,-2,
cpd00036_c0,Succinate,C4H4O4,c0,-2,
cpd01401_c0,Vitamin K1,C31H46O2,c0,0,
cpd00121_c0,L-Inositol,C6H12O6,c0,0,
cpd00030_c0,Mn2+,Mn,c0,2,
cpd00169_c0,3-Phosphoglycerate,C3H4O7P,c0,-3,
cpd00900_c0,GDP-4-dehydro-D-rhamnose,C16H21N5O15P2,c0,-2,
cpd15537_c0,Phosphatidylglycerol ditetradec-7-enoyl,C34H62O10P,c0,-1,
cpd11434_c0,fa12coa,C38H65N7O17P3S,c0,-3,
cpd15795_c0,Anteisoheptadecanoylcardiolipin (B. subtilis),C77H148O17P2,c0,-2,
cpd11531_c0,9-methyl-trans-dec-2-enoyl-ACP,C22H39N2O8PRS,c0,-1,
cpd00342_c0,N-Acetylornithine,C7H14N2O3,c0,0,
cpd00078_c0,Succinyl-CoA,C25H35N7O19P3S,c0,-5,
cpd00152_c0,Agmatine,C5H16N4,c0,2,
cpd00034_c0,Zn2+,Zn,c0,2,
cpd15530_c0,phosphatidylethanolamine ditetradec-7-enoyl,C33H62NO8P,c0,0,
cpd15294_c0,Tetradecenoyl-ACP,C25H45N2O8PRS,c0,-1,
cpd00522_c0,dTDP-4-oxo-L-rhamnose,C16H22N2O15P2,c0,-2,
D_Fucono_σ_lactone_c0,D_Fucono_σ_lactone_c0,X,c0,0,
cpd00010_c0,CoA,C21H32N7O16P3S,c0,-4,
cpd00239_c0,H2S,HS,c0,-1,
cpd15686_c0,"CDP-1,2-diisopentadecanoylglycerol",C42H75N3O15P2,c0,-2,
cpd11482_c0,(R)-3-Hydroxydecanoyl-[acyl-carrier protein],C21H40N2O9PRS,c0,-2,
cpd00211_e0,Butyrate,C4H7O2,e0,-1,
cpd15363_c0,2-tetradecanoyl-sn-glycerol 3-phosphate,C17H34O7P,c0,-1,
cpd11590_e0,met-L-ala-L,C8H15N2O3S,e0,-1,
cpd00506_c0,gamma-Glutamylcysteine,C8H13N2O5S,c0,-1,
cpd00002_c0,ATP,C10H13N5O13P3,c0,-3,
cpd01092_c0,Allantoin,C4H6N4O3,c0,0,
cpd00156_e0,L-Valine,C5H11NO2,e0,0,
cpd15528_c0,phosphatidylethanolamine didodecanoyl,C29H58NO8P,c0,0,
cpd00040_c0,Glyoxalate,C2HO3,c0,-1,
cpd11504_c0,8-methyl-3-oxo-decanoyl-ACP,C22H39N2O9PRS,c0,-1,
cpd03491_c0,Undecaprenyl-diphospho-N-acetylmuramoyl-(N-acetylglucosamine)-L-alanyl-gamma-D-glutamyl-L-lysyl-D-alanyl-D-alanine,C94H153N8O26P2,c0,-3,
cpd00760_c0,2-Methylbutyryl-CoA,C26H40N7O17P3S,c0,-4,
cpd03130_c0,(2E)-Octenoyl-CoA,C29H44N7O17P3S,c0,-4,
cpd15682_c0,"1,2-diisohexadecanoyl-sn-glycerol 3-phosphate",C35H68O8P,c0,-1,
cpd11468_c0,Dodecanoyl-ACP,C23H44N2O8PRS,c0,-2,
cpd11435_c0,fa1coa,C35H59N7O17P3S,c0,-3,
cpd00180_c0,Oxalate,C2O4,c0,-2,
cpd11581_e0,gly-asn-L,C6H11N3O4,e0,0,
cpd02097_c0,L-Glutamyl 5-phosphate,C5H8NO7P,c0,-2,
cpd11433_c0,fa12,C17H33O2,c0,-1,
cpd00159_e0,L-Lactate,C3H5O3,e0,-1,
cpd00071_c0,Acetaldehyde,C2H4O,c0,0,
cpd00276_e0,GLUM,C6H14NO5,e0,1,
cpd15716_c0,Diisoheptadecanoylphosphatidylglycerophosphate,C40H78O13P2,c0,-2,
cpd00858_c0,L-Glutamate5-semialdehyde,C5H9NO3,c0,0,
cpd15343_c0,2-Acyl-sn-glycero-3-phosphoglycerol dodecanoyl,C18H36O9P,c0,-1,
cpd15543_c0,Phosphatidylglycerophosphate ditetradecanoyl,C34H66O13P2,c0,-2,
cpd04539_c0,2-Amino-3-oxo-4-phosphonooxybutyrate,C4H6NO7P,c0,-2,
cpd02555_c0,Tetrahydropteroyltri-L-glutamate,C29H33N9O12,c0,-4,
cpd00247_c0,Orotate,C5H3N2O4,c0,-1,
cpd00521_c0,dTDP-4-oxo-6-deoxy-D-glucose,C16H22N2O15P2,c0,-2,
cpd15477_c0,glucosyl-glucosyl-galactosyl-glucosyl-inner core oligosaccharide lipid A,C169H291N2O94P4,c0,-11,
cpd00293_c0,N-Acetyl-D-glucosamine 6-phosphate,C8H14NO9P,c0,-2,
cpd03119_c0,3-Oxodecanoyl-CoA,C31H48N7O18P3S,c0,-4,
cpd11561_c0,10-methyl-undecanoyl-ACP,C23H43N2O8PRS,c0,-1,
cpd00009_e0,Phosphate,HO4P,e0,-2,
cpd11554_c0,8-methyl-3-oxo-nonanoyl-ACP,C21H37N2O9PRS,c0,-1,
cpd11508_c0,10-methyl-3-oxo-dodecanoyl-ACP,C24H43N2O9PRS,c0,-1,
cpd00800_c0,8-Amino-7-oxononanoate,C9H17NO3,c0,0,
cpd00109_c0,Cytochrome c3+,C42H42FeN8O8R4S2,c0,-1,
cpd02574_c0,methylthioribose-1-phosphate,C6H11O7PS,c0,-2,
cpd00007_c0,O2,O2,c0,0,
cpd03049_c0,2-Hydroxyethyl-ThPP,C14H21N4O8P2S,c0,-1,
cpd01307_c0,D-Lyxitol,C5H12O5,c0,0,
cpd01831_c0,4-Imidazoleacetate,C5H5N2O2,c0,-1,
cpd02826_c0,5'-Phosphoribosylformylglycinamidine,C8H15N3O8P,c0,-1,
cpd15495_c0,Maltopentaose,C30H52O26,c0,0,
cpd00013_c0,NH3,H4N,c0,1,
cpd15420_c0,"CDP-1,2-dioctadec-11-enoylglycerol",C48H83N3O15P2,c0,-2,
cpd15522_c0,"1,2-ditetradecanoyl-sn-glycerol 3-phosphate",C31H60O8P,c0,-1,
cpd01747_c0,Indole-3-acetamide,C10H10N2O,c0,0,
cpd03666_c0,"2,5-Diamino-6-(5'-triphosphoryl-3',4'-trihydroxy-2'-oxopentyl)- amino-4-oxopyrimidine",C9H14N5O14P3,c0,-4,
cpd00090_c0,IDP,C10H12N4O11P2,c0,-2,
cpd11550_c0,6-methyl-3-oxo-heptanoyl-ACP,C19H33N2O9PRS,c0,-1,
cpd00594_c0,Gulonate,C6H11O7,c0,-1,
cpd02611_c0,N-Acetyl-D-glucosamine1-phosphate,C8H14NO9P,c0,-2,
cpd00060_c0,L-Methionine,C5H11NO2S,c0,0,
cpd00164_c0,Glucuronate,C6H9O7,c0,-1,
cpd00206_c0,dCMP,C9H12N3O7P,c0,-2,
cpd11568_c0,14-methyl-trans-pentadec-2-enoyl-ACP,C27H49N2O8PRS,c0,-1,
cpd00226_e0,HYXN,C5H4N4O,e0,0,
cpd00184_c0,Thymidine,C10H14N2O5,c0,0,
cpd02964_c0,UDP-N-acetylmuramoyl-L-alanyl-D-gamma-glutamyl-meso-2-6-diaminopimelate,C35H51N7O26P2,c0,-4,
cpd00106_e0,Fumarate,C4H2O4,e0,-2,
cpd11470_c0,Octanoyl-ACP,C19H36N2O8PRS,c0,-2,
cpd15723_c0,Dianteisoheptadecanoylphosphatidylglycerol,C40H78O10P,c0,-1,
cpd15350_c0,2-dodecanoyl-sn-glycerol 3-phosphate,C15H30O7P,c0,-1,
cpd00699_c0,5-Dehydroquinate,C7H9O6,c0,-1,
cpd11509_c0,10-methyl-3-hydroxy-dodecanoyl-ACP,C24H45N2O9PRS,c0,-1,
cpd00630_c0,3-Oxoadipate,C6H6O5,c0,-2,
cpd00047_c0,Formate,CHO2,c0,-1,
cpd00013_e0,NH3,H4N,e0,1,
cpd00123_c0,3-Methyl-2-oxobutanoate,C5H7O3,c0,-1,
cpd12801_c0,Cardiolipin,C13H16O17P2R4,c0,-2,
cpd02201_c0,4-phosphopantothenate,C9H15NO8P,c0,-3,
cpd00954_c0,6-hydroxymethyl dihydropterin,C7H9N5O2,c0,0,
cpd15492_c0,kdo-phospho-heptosyl-phospho-heptosyl-heptosyl-kdo2-lipidA,C139H241N2O70P4,c0,-11,
cpd15791_c0,Palmitoylcardiolipin (B. subtilis),C73H140O17P2,c0,-2,
cpd29840_e0,Melibiose,X,e0,0,
cpd00306_c0,Xylitol,C5H12O5,c0,0,
cpd00119_e0,L-Histidine,C6H9N3O2,e0,0,
cpd15344_c0,2-Acyl-sn-glycero-3-phosphoglycerol tetradecanoyl,C20H40O9P,c0,-1,
cpd00386_e0,D-Malate,C4H4O5,e0,-2,
cpd15302_c0,glycogen(n-1),C24H42O21,c0,0,
cpd00137_c0,Citrate,C6H5O7,c0,-3,
cpd00096_c0,CDP,C9H13N3O11P2,c0,-2,
cpd00307_e0,Cytosine,C4H5N3O,e0,0,
cpd15717_c0,Dianteisoheptadecanoylphosphatidylglycerophosphate,C40H78O13P2,c0,-2,
cpd11465_c0,But-2-enoyl-[acyl-carrier protein],C15H25N2O8PRS,c0,-1,
cpd11652_c0,Phosphatidylglycerol,C8H12O10PR2,c0,-1,
cpd00120_c0,Butyryl-CoA,C25H38N7O17P3S,c0,-4,
cpd00507_c0,Glycerophosphocholine,C8H20NO6P,c0,0,
cpd15352_c0,2-Demethylmenaquinone 8,C50H70O2,c0,0,
cpd09410_c0,Demethylphylloquinone,C30H44O2,c0,0,
cpd02120_c0,Dihydrodipicolinate,C7H5NO4,c0,-2,
cpd03120_c0,(S)-Hydroxyoctanoyl-CoA,C29H46N7O18P3S,c0,-4,
cpd15268_c0,Octadecanoyl-ACP,C29H55N2O8PRS,c0,-2,
cpd15527_c0,"1,2-dioctadec-11-enoyl-sn-glycerol 3-phosphate",C39H72O8P,c0,-1,
cpd11539_c0,13-methyl-trans-tetra-dec-2-enoyl-ACP,C26H47N2O8PRS,c0,-1,
cpd11620_c0,Reducedferredoxin,Fe2R4S6,c0,4,
cpd11586_c0,ala-L-glu-L,C8H13N2O5,c0,-1,
cpd01914_e0,L-Methionine S-oxide,C5H11NO3S,e0,0,
cpd02431_c0,1-Pyrroline-5-carboxylate,C5H6NO2,c0,-1,
cpd11492_c0,Malonyl-acyl-carrierprotein-,C14H24N2O10PRS,c0,-2,
cpd00001_e0,H2O,H2O,e0,0,
cpd00107_e0,L-Leucine,C6H13NO2,e0,0,
cpd15347_c0,2-Acyl-sn-glycero-3-phosphoglycerol hexadec-9-enoyl,C22H42O9P,c0,-1,
cpd05262_c0,galacturonate,C6H9O7,c0,-1,
cpd00731_c0,Ala-Ala,C6H12N2O3,c0,0,
cpd02160_c0,N2-Succinyl-L-ornithine,C9H15N2O5,c0,-1,
cpd01966_c0,Dimethylacryloyl-CoA,C26H38N7O17P3S,c0,-4,
cpd00738_c0,phosphoserine,C3H6NO6P,c0,-2,
cpd15432_c0,core oligosaccharide lipid A,C176H303N2O100P4,c0,-11,
cpd15318_c0,1-Acyl-sn-glycero-3-phosphoglycerol dodecanoyl,C18H36O9P,c0,-1,
cpd26818_c0,D-Galactose,C6H12O6,c0,0,
cpd01414_c0,Tetrathionate,O6S4,c0,-2,
cpd00931_c0,5-Amino-6--5-phosphoribosylaminouracil,C9H13N4O9P,c0,-2,
cpd02552_c0,n-acetylglutamyl-phosphate,C7H9NO8P,c0,-3,
cpd08289_c0,1-deoxy-D-xylulose5-phosphate,C5H9O7P,c0,-2,
cpd02535_c0,"2,3-Dihydroxy-3-methylvalerate",C6H11O4,c0,-1,
cpd00762_c0,4-Guanidinobutanoate,C5H11N3O2,c0,0,
cpd00867_c0,Inositol 1-phosphate,C6H11O9P,c0,-2,
cpd03526_c0,N-Succinyl-L-glutamate 5-semialdehyde,C9H11NO6,c0,-2,
cpd03919_c0,Adenosyl cobinamide phosphate,C58H83CoN16O14P,c0,-1,
cpd00203_c0,"1,3-Bisphospho-D-glycerate",C3H4O10P2,c0,-4,
cpd00755_c0,Hydroxymethylbilane,C40H38N4O17,c0,-8,
cpd00137_e0,Citrate,C6H5O7,e0,-3,
cpd15684_c0,"CDP-1,2-dianteisoheptadecanoylglycerol",C46H83N3O15P2,c0,-2,
cpd02654_c0,4-Methyl-5--2-phosphoethyl-thiazole,C6H8NO4PS,c0,-2,
cpd15309_c0,"1,2-Diacyl-sn-glycerol dihexadecanoyl",C35H68O5,c0,0,
cpd11499_c0,4-methyl-hexanoyl-ACP,C18H33N2O8PRS,c0,-1,
cpd15695_c0,Diisoheptadecanoylphosphatidylethanolamine,C39H78NO8P,c0,0,
cpd00186_c0,D-Glutamate,C5H8NO4,c0,-1,
cpd03480_c0,2-Hydroxyphenylacetate,C8H7O3,c0,-1,
cpd02229_c0,Bactoprenyl diphosphate,C55H90O7P2,c0,-2,
cpd00221_c0,D-Lactate,C3H5O3,c0,-1,
cpd02791_c0,methylthioribulose-1-phosphate,C6H11O7PS,c0,-2,
cpd00136_c0,4-Hydroxybenzoate,C7H5O3,c0,-1,
cpd11516_c0,14-methyl-3-oxo-hexa-decanoyl-ACP,C28H51N2O9PRS,c0,-1,
cpd00233_c0,Tetrahydrobiopterin,C9H15N5O3,c0,0,
cpd00794_e0,TRHL,C12H22O11,e0,0,
cpd01335_c0,Octanoyl-CoA,C29H46N7O17P3S,c0,-4,
cpd11825_c0,Octadecenoyl-ACP,C29H53N2O8PRS,c0,-1,
cpd00150_c0,HCN,CHN,c0,0,
cpd00198_c0,D-Xylulose5-phosphate,C5H9O8P,c0,-2,
cpd01647_c0,2-Phenylacetamide,C8H9NO,c0,0,
cpd00029_c0,Acetate,C2H3O2,c0,-1,
cpd11514_c0,12-methyl-trans-tetra-dec-2-enoyl-ACP,C26H47N2O8PRS,c0,-1,
cpd00971_e0,Na+,Na,e0,1,
cpd01150_c0,Acrylamide,C3H5NO,c0,0,
cpd11533_c0,11-methyl-3-oxo-dodecanoyl-ACP,C24H43N2O9PRS,c0,-1,
cpd15720_c0,Dianteisopentadecanoylphosphatidylglycerophosphate,C36H70O13P2,c0,-2,
cpd00100_e0,Glycerol,C3H8O3,e0,0,
cpd32793_c0,"1,5-galactarolactone",C6H7O7,c0,-1,
cpd00037_c0,UDP-N-acetylglucosamine,C17H25N3O17P2,c0,-2,
cpd00281_e0,GABA,C4H9NO2,e0,0,
cpd10516_e0,Fe+3,Fe,e0,3,
cpd02678_c0,N-Formyl-GAR,C8H13N2O9P,c0,-2,
cpd15330_c0,1-tetradec-7-enoyl-sn-glycerol 3-phosphate,C17H32O7P,c0,-1,
cpd15671_c0,1-isoheptadecanoyl-sn-glycerol 3-phosphate,C20H40O7P,c0,-1,
cpd00155_c0,Glycogen,C30H51O26,c0,-1,
cpd15325_c0,1-dodecanoyl-sn-glycerol 3-phosphate,C15H29O7P,c0,-2,
cpd00062_c0,UTP,C9H12N2O15P3,c0,-3,
cpd15688_c0,"CDP-1,2-diisohexadecanoylglycerol",C44H79N3O15P2,c0,-2,
cpd15560_c0,Ubiquinone-8,C49H74O4,c0,0,
cpd00067_e0,H+,H,e0,1,
cpd00121_e0,L-Inositol,C6H12O6,e0,0,
cpd00085_c0,beta-Alanine,C3H7NO2,c0,0,
cpd00221_e0,D-Lactate,C3H5O3,e0,-1,
cpd16083_c0,Phosphatidylethanolamine (Saureus),X,c0,0,
cpd00388_c0,Allantoate,C4H7N4O4,c0,-1,
cpd15494_c0,Maltoheptaose,C42H72O36,c0,0,
cpd00540_c0,BET,C5H11NO2,c0,0,
cpd15700_c0,Diisohexadecanoylphosphatidylethanolamine,C37H74NO8P,c0,0,
cpd15691_c0,Diisotetradecanoylphosphatidylserine,C34H64NO10P,c0,-2,
cpd02143_e0,"D-Galactono-1,4-lactone",C6H10O6,e0,0,
cpd00795_e0,(R)-2-Hydroxyglutarate,C5H6O5,e0,-2,
cpd00288_c0,D-Glucosamine phosphate,C6H13NO8P,c0,-1,
cpd00971_c0,Na+,Na,c0,1,
cpd11534_c0,11-methyl-3-hydroxy-dodecanoyl-ACP,C24H45N2O9PRS,c0,-1,
cpd15346_c0,2-Acyl-sn-glycero-3-phosphoglycerol hexadecanoyl,C22H44O9P,c0,-1,
cpd03471_c0,Nicotinate D-ribonucleoside,C11H13NO6,c0,0,
cpd15418_c0,"CDP-1,2-dihexadec-9-enoylglycerol",C44H75N3O15P2,c0,-2,
cpd02295_c0,1-4-Dihydroxy-2-naphthoate,C11H7O4,c0,-1,
cpd00297_c0,dTDP,C10H14N2O11P2,c0,-2,
cpd11525_c0,7-methyl-3-oxo-octanoyl-ACP,C20H35N2O9PRS,c0,-1,
cpd02775_c0,4-Amino-5-phosphomethyl-2-methylpyrimidine,C6H9N3O4P,c0,-1,
cpd18071_c0,Ethylnitronate,C2H4NO2,c0,-1,
cpd01242_e0,Thyminose,C5H10O4,e0,0,
cpd00957_c0,"2,5-Diamino-6-(5'-phosphoribosylamino)-4-pyrimidineone",C9H14N5O8P,c0,-2,
cpd15672_c0,1-anteisoheptadecanoyl-sn-glycerol 3-phosphate,C20H40O7P,c0,-1,
cpd00533_c0,dCDP,C9H13N3O10P2,c0,-2,
cpd00282_c0,S-Dihydroorotate,C5H5N2O4,c0,-1,
cpd02666_c0,(R)-4'-Phosphopantothenoyl-L-cysteine,C12H20N2O9PS,c0,-3,
cpd00042_c0,GSH,C10H16N3O6S,c0,-1,
cpd03727_c0,Ectoine,C6H10N2O2,c0,0,
cpd11587_c0,Ala-Gln,C8H15N3O4,c0,0,
cpd15331_c0,1-tetradecanoyl-sn-glycerol 3-phosphate,C17H33O7P,c0,-2,
cpd00763_c0,4-Maleylacetoacetate,C8H6O6,c0,-2,
cpd00355_c0,Nicotinamide ribonucleotide,C11H14N2O8P,c0,-1,
cpd11487_c0,3-oxodecanoyl-acp,C21H38N2O9PRS,c0,-2,
cpd11523_c0,5-methyl-trans-hex-2-enoyl-ACP,C18H31N2O8PRS,c0,-1,
cpd15792_c0,Myristoylcardiolipin (B. subtilis),C65H124O17P2,c0,-2,
cpd11225_c0,3-4-dihydroxy-2-butanone4-phosphate,C4H7O6P,c0,-2,
cpd00274_c0,Citrulline,C6H13N3O3,c0,0,
cpd15558_c0,phosphatidylserine dioctadec-11-enoyl,C42H76NO10P,c0,-2,
cpd02799_c0,Methylisocitrate,C7H7O7,c0,-3,
cpd11515_c0,12-methyl-tetra-decanoyl-ACP,C26H49N2O8PRS,c0,-2,
cpd00005_c0,NADPH,C21H26N7O17P3,c0,-4,
cpd00246_c0,Inosine,C10H12N4O5,c0,0,
cpd00956_c0,1-(2-carboxyphenylamino)-1-deoxyribulose 5-phosphate,C12H13NO9P,c0,-3,
cpd00231_c0,Dihydrobiopterin,C9H13N5O3,c0,0,
cpd00423_c0,Vitamin B12r,C62H88CoN13O14P,c0,0,
cpd00939_e0,Toxopyrimidine,C6H10N3O,e0,1,
cpd00423_e0,Vitamin B12r,C62H88CoN13O14P,e0,0,
cpd00465_c0,Ureidoglycolate,C3H5N2O4,c0,-1,
cpd00126_c0,GMP,C10H12N5O8P,c0,-2,
cpd15718_c0,Diisotetradecanoylphosphatidylglycerophosphate,C34H66O13P2,c0,-2,
cpd00837_c0,S-Adenosylmethioninamine,C14H24N6O3S,c0,2,
cpd00048_c0,Sulfate,O4S,c0,-2,
cpd20885_c0,Turanose,C12H22O11,c0,0,
cpd15326_c0,1-hexadec-9-enoyl-sn-glycerol 3-phosphate,C19H36O7P,c0,-1,
cpd00348_c0,D-Galactose 1-phosphate,C6H11O9P,c0,-2,
cpd11495_c0,2-methylbutyryl-ACP,C16H29N2O8PRS,c0,-2,
cpd00211_c0,Butyrate,C4H7O2,c0,-1,
cpd00117_c0,D-Alanine,C3H7NO2,c0,0,
cpd01293_e0,5-Oxoproline,C5H6NO3,e0,-1,
cpd15475_c0,glucosyl-galactosyl-glucosyl-inner core oligosaccharide lipid A,C163H281N2O89P4,c0,-11,
cpd03560_c0,Propionyladenylate,C13H17N5O8P,c0,-1,
cpd00099_e0,Cl-,Cl,e0,-1,
cpd00446_c0,cAMP,C10H11N5O6P,c0,-1,
cpd00008_c0,ADP,C10H13N5O10P2,c0,-2,
cpd03698_c0,Salicin-6P,C13H17O10P,c0,-2,
cpd00009_c0,Phosphate,HO4P,c0,-2,
cpd15542_c0,Phosphatidylglycerophosphate didodecanoyl,C30H58O13P2,c0,-2,
cpd12848_c0,Holo-[carboxylase],C17H27N5O4R2S,c0,0,
cpd00277_c0,Deoxyguanosine,C10H13N5O4,c0,0,
cpd15704_c0,"1,2-Diisopentadecanoyl-sn-glycerol",C33H64O5,c0,0,
cpd02961_c0,Dihydroneopterin,C9H13N5O4,c0,0,
cpd00220_c0,Riboflavin,C17H19N4O6,c0,-1,
cpd00295_c0,dGDP,C10H13N5O10P2,c0,-2,
cpd00104_c0,BIOT,C10H15N2O3S,c0,-1,
cpd00349_c0,"Sedoheptulose 1,7-bisphosphate",C7H12O13P2,c0,-4,
cpd00141_e0,Propionate,C3H5O2,e0,-1,
cpd00809_c0,O-Phospho-L-homoserine,C4H8NO6P,c0,-2,
cpd11477_c0,(2E)-Hexadecenoyl-[acp],C27H49N2O8PRS,c0,-2,
cpd11511_c0,10-methyl-dodecanoyl-ACP,C24H45N2O8PRS,c0,-1,
cpd02835_c0,"UDP-2,3-bis(3-hydroxytetradecanoyl)glucosamine",C43H75N3O20P2,c0,-2,
cpd03129_c0,(2E)-Decenoyl-CoA,C31H48N7O17P3S,c0,-4,
cpd00314_c0,D-Mannitol,C6H14O6,c0,0,
cpd11436_c0,fa3,C15H29O2,c0,-1,
cpd00683_c0,Dihydropteroate,C14H13N6O3,c0,-1,
cpd00284_c0,6-Phospho-D-gluconate,C6H10O10P,c0,-3,
cpd15337_c0,2-Acyl-sn-glycero-3-phosphoethanolamine tetradecanoyl,C19H40NO7P,c0,0,
cpd00491_c0,D-glucitol 6-phosphate,C6H13O9P,c0,-2,
cpd00322_e0,L-Isoleucine,C6H13NO2,e0,0,
cpd11591_c0,Gly-Met,C7H14N2O3S,c0,0,
cpd00080_c0,Glycerol-3-phosphate,C3H7O6P,c0,-2,
cpd11588_e0,gly-pro-L,C7H12N2O3,e0,0,
cpd11476_c0,hexadecanoyl-acp,C27H51N2O8PRS,c0,-2,
cpd01329_c0,Maltohexaose,C36H62O31,c0,0,
cpd00058_e0,Cu2+,Cu,e0,2,
cis11_octadecenoyl_acp_c0,cis11_octadecenoyl_acp_c0,X,c0,0,
cpd00261_c0,L-Lyxulose,C5H10O5,c0,0,
cpd11530_c0,9-methyl-3-hydroxy-decanoyl-ACP,C22H41N2O9PRS,c0,-1,
cpd15687_c0,"CDP-1,2-dianteisopentadecanoylglycerol",C42H75N3O15P2,c0,-2,
cpd11437_c0,fa3coa,C36H61N7O17P3S,c0,-3,
cpd01844_c0,Propionyl phosphate,C3H5O5P,c0,-2,
cpd15357_c0,2-octadec-11-enoyl-sn-glycerol 3-phosphate,C21H40O7P,c0,-1,
cpd00906_c0,all-trans-Hexaprenyl diphosphate,C30H50O7P2,c0,-2,
cpd00158_c0,CELB,C12H22O11,c0,0,
cpd11464_c0,Butyryl-ACP,C15H28N2O8PRS,c0,-2,
cpd00356_c0,dCTP,C9H13N3O13P3,c0,-3,
cpd15469_c0,galactosyl-glucosyl-inner core oligosaccharide lipid A,C157H271N2O84P4,c0,-11,
cpd15798_c0,Anteisopentadecanoylcardiolipin (B. subtilis),C69H132O17P2,c0,-2,
cpd03423_c0,alpha-Ribazole,C14H18N2O4,c0,0,
cpd01646_c0,2-Isopropylmalate,C7H10O5,c0,-2,
cpd01260_c0,Lauroyl-CoA,C33H54N7O17P3S,c0,-4,
cpd00751_c0,L-Fucose,C6H12O5,c0,0,
cpd15277_c0,Palmitoyl-ACP,C27H51N2O8PRS,c0,-2,
cpd00107_c0,L-Leucine,C6H13NO2,c0,0,
cpd00190_c0,beta-D-Glucose,C6H12O6,c0,0,
cpd11471_c0,(2E)-Octenoyl-[acp],C19H34N2O8PRS,c0,-2,
cpd00343_c0,N-Carbamoyl-L-aspartate,C5H6N2O5,c0,-2,
cpd00191_c0,3-Oxopropanoate,C3H3O3,c0,-1,
cpd01882_c0,Isovaleryl-CoA,C26H40N7O17P3S,c0,-4,
cpd00074_c0,S,S,c0,0,
cpd02948_c0,MurAc(oyl-L-Ala-D-gamma-Glu-L-Lys-D-Ala-D-Ala)-diphospho- undecaprenol,C86H140N7O21P2,c0,-3,
cpd15535_c0,Phosphatidylglycerol didodecanoyl,C30H58O10P,c0,-1,
cpd02557_c0,Farnesylfarnesylgeraniol,C40H66O7P2,c0,-2,
cpd12547_c0,L-2-Lysophosphatidylethanolamine,C6H13NO7PR,c0,0,
cpd00102_c0,Glyceraldehyde3-phosphate,C3H5O6P,c0,-2,
cpd00498_c0,2-Aceto-2-hydroxybutanoate,C6H9O4,c0,-1,
cpd15308_c0,"1,2-Diacyl-sn-glycerol ditetradec-7-enoyl",C31H56O5,c0,0,
cpd00011_e0,CO2,CO2,e0,0,
cpd03448_c0,"2-Octaprenyl-3-methyl-6-methoxy-1,4-benzoquinone",C48H72O3,c0,0,
cpd11585_e0,L-alanylglycine,C5H10N2O3,e0,0,
cpd00125_c0,5-10-Methylenetetrahydrofolate,C20H21N7O6,c0,-2,
cpd00044_c0,3-phosphoadenylylsulfate,C10H11N5O13P2S,c0,-4,
cpd11912_c0,tRNA-Glu,C10H12N5O3R,c0,0,
cpd15556_c0,phosphatidylserine dihexadec-9-enoyl,C38H68NO10P,c0,-2,
cpd11581_c0,gly-asn-L,C6H11N3O4,c0,0,
cpd00299_c0,dUMP,C9H11N2O8P,c0,-2,
cpd00045_c0,Adenosine 3-5-bisphosphate,C10H11N5O10P2,c0,-4,
cpd00177_c0,dADP,C10H13N5O9P2,c0,-2,
cpd00268_e0,H2S2O3,HO3S2,e0,-1,
cpd01311_c0,Dethiobiotin,C10H17N2O3,c0,-1,
cpd15554_c0,phosphatidylserine ditetradec-7-enoyl,C34H60NO10P,c0,-2,
cpd00016_c0,Pyridoxal phosphate,C8H8NO6P,c0,-2,
cpd00100_c0,Glycerol,C3H8O3,c0,0,
cpd11519_c0,14-methyl-hexa-decanoyl-ACP,C28H53N2O8PRS,c0,-2,
cpd00132_c0,L-Asparagine,C4H8N2O3,c0,0,
cpd11555_c0,8-methyl-3-hydroxy-nonanoyl-ACP,C21H39N2O9PRS,c0,-1,
cpd03116_c0,(S)-3-Hydroxydodecanoyl-CoA,C33H54N7O18P3S,c0,-4,
cpd01080_e0,ocdca,C18H35O2,e0,-1,
cpd00330_c0,Dihydrofolate,C19H19N7O6,c0,-2,
cpd00836_c0,S-Acetyldihydrolipoamide,C10H19NO2S2,c0,0,
cpd01587_c0,5-Methylcytosine,C5H7N3O,c0,0,
cpd11547_c0,4-methyl-3-hydroxy-pentanoyl-ACP,C17H31N2O9PRS,c0,-1,
cpd00430_c0,PACT,C8H8O2,c0,0,
cpd00075_e0,Nitrite,HNO2,e0,0,
cpd02182_c0,(R)-S-Lactoylglutathione,C13H20N3O8S,c0,-1,
cpd02255_c0,3-oxoadipate-enol-lactone,C6H5O4,c0,-1,
cpd00653_c0,D-Galactonate,C6H11O7,c0,-1,
cpd00473_c0,3-Dehydro-L-gulonate,C6H9O7,c0,-1,
cpd00911_c0,6-phospho-D-glucono-1-5-lactone,C6H9O9P,c0,-2,
cpd00851_c0,trans-4-Hydroxy-L-proline,C5H9NO3,c0,0,
cpd15349_c0,2-Acyl-sn-glycero-3-phosphoglycerol octadec-11-enoyl,C24H46O9P,c0,-1,
cpd00201_c0,10-Formyltetrahydrofolate,C20H21N7O7,c0,-2,
cpd01892_c0,4-Hydroxybenzoyl-CoA,C28H36N7O18P3S,c0,-4,
cpd15316_c0,1-Acyl-sn-glycero-3-phosphoethanolamine hexadecanoyl,C21H44NO7P,c0,0,
cpd03920_c0,Adenosylcobinamide-GDP,C68H95CoN21O21P2,c0,-1,
cpd00229_c0,Glycolaldehyde,C2H4O2,c0,0,
cpd11480_c0,D-3-Hydroxydodecanoyl-[acp],C23H43N2O9PRS,c0,-2,
cpd15488_c0,heptosyl-phospho-heptosyl-heptosyl-kdo2-lipidA,C131H231N2O60P3,c0,-8,
cpd04918_c0,D-Glycero-D-manno-heptose7-phosphate,C7H13O10P,c0,-2,
cpd15237_c0,hexadecenoate,C16H29O2,c0,-1,
cpd15536_c0,Phosphatidylglycerol ditetradecanoyl,C34H66O10P,c0,-1,
cpd00918_c0,2-Acetamido-5-oxopentanoate,C7H10NO4,c0,-1,
cpd16062_e0,Citrate-Mg,C6H5MgO7,e0,-1,
cpd03752_c0,Galactitol 1-phosphate,C6H13O9P,c0,-2,
cpd01324_c0,L-Histidinal,C6H10N3O,c0,1,
cpd02069_c0,3-Phosphonooxypyruvate,C3H2O7P,c0,-3,
cpd15314_c0,1-Acyl-sn-glycero-3-phosphoethanolamine tetradecanoyl,C19H40NO7P,c0,0,
cpd00418_c0,NO,NO,c0,0,
cpd12139_c0,Protein disulfide,C7H9N3O3R2S2,c0,0,
cpd00118_e0,Putrescine,C4H14N2,e0,2,
cpd01999_c0,GDP-D-rhamnose,C16H23N5O15P2,c0,-2,
cpd02631_c0,DKDI,C6H8O5,c0,0,
cis9_hexadecenoyl_acp_c0,cis9_hexadecenoyl_acp_c0,X,c0,0,
cpd00142_c0,Acetoacetate,C4H5O3,c0,-1,
cpd02590_c0,all-trans-Heptaprenyl diphosphate,C35H58O7P2,c0,-2,
cpd00504_c0,"LL-2,6-Diaminopimelate",C7H14N2O4,c0,0,
cpd00842_c0,(S)-3-Hydroxybutyryl-CoA,C25H38N7O18P3S,c0,-4,
cpd00119_c0,L-Histidine,C6H9N3O2,c0,0,
cpd00051_c0,L-Arginine,C6H15N4O2,c0,1,
cpd15539_c0,Phosphatidylglycerol dihexadec-9-enoyl,C38H70O10P,c0,-1,
cpd02414_c0,L-2-Amino-6-oxopimelate,C7H10NO5,c0,-1,
cpd00659_c0,Nitrous oxide,N2O,c0,0,
cpd15606_e0,Gly-Tyr,C11H14N2O4,e0,0,
cpd00072_c0,D-fructose-6-phosphate,C6H11O9P,c0,-2,
cpd00026_c0,UDP-glucose,C15H22N2O17P2,c0,-2,
IscS_sulfur_acceptor_protein_c0,IscS_sulfur_acceptor_protein_c0,X,c0,0,
cpd11564_c0,12-methyl-trans-tridec-2-enoyl-ACP,C25H45N2O8PRS,c0,-1,
cpd00712_c0,2-Dehydropantoate,C6H9O4,c0,-1,
cpd15521_c0,"1,2-didodecanoyl-sn-glycerol 3-phosphate",C27H52O8P,c0,-1,
cpd11557_c0,8-methyl-nonanoyl-ACP,C21H39N2O8PRS,c0,-1,
cpd08210_c0,ADC,C10H10NO5,c0,-1,
cpd00859_c0,Pseudouridine 5'-phosphate,C9H11N2O9P,c0,-2,
cpd03494_c0,Undecaprenyl-diphospho-N-acetylmuramoyl-L-alanyl-D-glutamyl-meso-2-6-diaminopimeloyl-D-alanyl-D-alanine,C87H139N7O23P2,c0,-4,
cpd03443_c0,3-Octaprenyl-4-hydroxybenzoate,C47H69O3,c0,-1,
cpd02187_c0,Methacrylyl-CoA,C25H36N7O17P3S,c0,-4,
cpd11592_c0,gly-glu-L,C7H11N2O5,c0,-1,
cpd00550_c0,D-Serine,C3H7NO3,c0,0,
cpd01710_c0,2-Isopropylmaleate,C7H8O4,c0,-2,
cpd03444_c0,2-Octaprenylphenol,C46H70O,c0,0,
cpd26818_e0,D-Galactose,C6H12O6,e0,0,
cpd00099_c0,Cl-,Cl,c0,-1,
cpd00020_c0,Pyruvate,C3H3O3,c0,-1,
cpd03736_c0,Lauroyl-KDO2-lipid IV(A),C96H170N2O38P2,c0,-6,
cpd00805_c0,D-Tagatose 6-phosphate,C6H11O9P,c0,-2,
cpd00588_e0,Sorbitol,C6H14O6,e0,0,
cpd00142_e0,Acetoacetate,C4H5O3,e0,-1,
cpd15238_c0,Hexadecenoyl-CoA,C37H61N7O17P3S,c0,-3,
cpd00492_e0,N-Acetyl-D-mannosamine,C8H15NO6,e0,0,
cpd03127_c0,(2E)-Tetradecenoyl-CoA,C35H56N7O17P3S,c0,-4,
cpd11546_c0,4-methyl-3-oxo-pentanoyl-ACP,C17H29N2O9PRS,c0,-1,
cpd00130_e0,L-Malate,C4H4O5,e0,-2,
cpd00222_c0,GLCN,C6H11O7,c0,-1,
cpd03115_c0,(S)-3-Hydroxytetradecanoyl-CoA,C35H58N7O18P3S,c0,-4,
cpd00182_c0,Adenosine,C10H13N5O4,c0,0,
cpd00039_c0,L-Lysine,C6H15N2O2,c0,1,
cpd15353_c0,2-Demethylmenaquinol 8,C50H72O2,c0,0,
cpd00035_c0,L-Alanine,C3H7NO2,c0,0,
cpd00982_c0,FADH2,C27H33N9O15P2,c0,-2,
cpd00703_c0,Indoleacetate,C10H8NO2,c0,-1,
cpd03862_c0,N-gamma-Acetyldiaminobutyrate,C6H12N2O3,c0,0,
cpd11589_c0,gly-asp-L,C6H9N2O5,c0,-1,
cpd15552_c0,phosphatidylserine didodecanoyl,C30H56NO10P,c0,-2,
cpd00268_c0,H2S2O3,HO3S2,c0,-1,
cpd15479_c0,glucosyl-inner core oligosaccharide lipid A,C151H261N2O79P4,c0,-11,
cpd10516_c0,Fe+3,Fe,c0,3,
cpd02698_c0,"N-Succinyl-L-2,6-diaminopimelate",C11H16N2O7,c0,-2,
cpd11593_c0,ala-L-asp-L,C7H11N2O5,c0,-1,
cpd02068_c0,3-Methylglutaconyl-CoA,C27H37N7O19P3S,c0,-5,
cpd11573_c0,Octodecanoyl-ACP,C29H55N2O8PRS,c0,-2,
cpd03495_c0,Undecaprenyl-diphospho-N-acetylmuramoyl--N-acetylglucosamine-L-ala-D-glu-meso-2-6-diaminopimeloyl-D-ala-D-ala,C95H152N8O28P2,c0,-4,
cpd03118_c0,(S)-Hydroxydecanoyl-CoA,C31H50N7O18P3S,c0,-4,
cpd11431_c0,fa11,C17H33O2,c0,-1,
cpd02060_c0,(2E)-Dodecenoyl-CoA,C33H52N7O17P3S,c0,-4,
cpd00227_c0,L-Homoserine,C4H9NO3,c0,0,
cpd03607_c0,4-(Phosphonooxy)-threonine,C4H8NO7P,c0,-2,
cpd00175_c0,UDP-N-acetyl-D-galactosamine,C17H25N3O17P2,c0,-2,
cpd00149_c0,Co2+,Co,c0,2,
cpd03407_c0,gamma-Glutamyl-beta-cyanoalanine,C9H12N3O5,c0,-1,
cpd11588_c0,gly-pro-L,C7H12N2O3,c0,0,
cpd00012_e0,PPi,HO7P2,e0,-3,
cpd15665_c0,Peptidoglycan polymer (n subunits),C80H125N16O42R,c0,-4,
cpd15603_e0,Gly-Cys,C5H10N2O3S,e0,0,
cpd15339_c0,2-Acyl-sn-glycero-3-phosphoethanolamine (n-C16:0),C21H44NO7P,c0,0,
cpd14545_c0,Iminoglycine,C2H3NO2,c0,0,
cpd00087_c0,Tetrahydrofolate,C19H21N7O6,c0,-2,
cpd00890_c0,UDP-N-acetylmuramoyl-L-alanine,C23H33N4O20P2,c0,-3,
cpd11582_e0,ala-L-Thr-L,C7H14N2O4,e0,0,
cpd03211_c0,15-cis-Phytoene,C40H64,c0,0,
cpd08449_c0,3-Amino-2-oxopropyl phosphate,C3H7NO5P,c0,-1,
cpd15269_c0,octadecenoate,C18H33O2,c0,-1,
cpd00298_c0,dTMP,C10H13N2O8P,c0,-2,
cpd15526_c0,"1,2-dioctadecanoyl-sn-glycerol 3-phosphate",C39H76O8P,c0,-1,
biomass_c0,biomass_c0,X,c0,0,
cpd11576_e0,L-methionine R-oxide,C5H11NO3S,e0,0,
cpd11524_c0,5-methyl-hexanoyl-ACP,C18H33N2O8PRS,c0,-1,
cpd15673_c0,1-isotetradecanoyl-sn-glycerol 3-phosphate,C17H34O7P,c0,-1,
cpd11580_c0,Gly-Gln,C7H13N3O4,c0,0,
cpd11481_c0,R-3-hydroxypalmitoyl-acyl-carrierprotein-,C27H49N2O9PRS,c0,-2,
cpd03587_c0,kdo2-lipid a,C110H196N2O39P2,c0,-6,
cpd01080_c0,ocdca,C18H35O2,c0,-1,
cpd00528_c0,N2,N2,c0,0,
cpd00064_c0,Ornithine,C5H13N2O2,c0,1,
cpd00806_c0,L-Fuculose1-phosphate,C6H11O8P,c0,-2,
cpd03608_c0,4-Hydroxy-L-threonine,C4H9NO4,c0,0,
cpd03279_c0,Deoxyinosine,C10H12N4O4,c0,0,
cpd11506_c0,8-methyl-trans-dec-2-enoyl-ACP,C22H39N2O8PRS,c0,-1,
cpd15697_c0,Diisotetradecanoylphosphatidylethanolamine,C33H66NO8P,c0,0,
cpd15323_c0,1-Acyl-sn-glycero-3-phosphoglycerol octadecanoyl,C24H48O9P,c0,-1,
cpd00065_c0,L-Tryptophan,C11H12N2O2,c0,0,
cpd15532_c0,phosphatidylethanolamine dihexadec-9enoyl,C37H70NO8P,c0,0,
cpd15699_c0,Dianteisopentadecanoylphosphatidylethanolamine,C35H70NO8P,c0,0,
cpd00307_c0,Cytosine,C4H5N3O,c0,0,
cpd11569_c0,14-methyl-pentadecanoyl-ACP,C27H51N2O8PRS,c0,-2,
cpd00939_c0,Toxopyrimidine,C6H10N3O,c0,1,
cpd15538_c0,Phosphatidylglycerol dihexadecanoyl,C38H74O10P,c0,-1,
cpd00393_e0,Folate,C19H17N7O6,e0,-2,
cpd00032_c0,Oxaloacetate,C4H2O5,c0,-2,
cpd00359_c0,indol,C8H7N,c0,0,
cpd15553_c0,phosphatidylserine ditetradecanoyl,C34H64NO10P,c0,-2,
cpd00129_c0,L-Proline,C5H9NO2,c0,0,
cpd00550_e0,D-Serine,C3H7NO3,e0,0,
cpd11621_c0,Oxidizedferredoxin,Fe2R4S6,c0,6,
cpd01775_c0,Phosphoribosyl-ATP,C15H20N5O20P4,c0,-5,
cpd15320_c0,1-Acyl-sn-glycero-3-phosphoglycerol tetradec-7-enoyl,C20H38O9P,c0,-1,
cpd11454_c0,Phosphatidylglycerophosphate,C8H11O13P2R2,c0,-3,
cpd00041_c0,L-Aspartate,C4H6NO4,c0,-1,
cpd00092_c0,Uracil,C4H4N2O2,c0,0,
cpd00073_c0,Urea,CH4N2O,c0,0,
cpd00038_c0,GTP,C10H13N5O14P3,c0,-3,
cpd00311_c0,Guanosine,C10H13N5O5,c0,0,
cpd00817_c0,D-Arabinose5-phosphate,C5H9O8P,c0,-2,
cpd03524_c0,10-Formyl-THF-L-glutamate,C25H27N8O10,c0,-3,
cpd03470_c0,Iminoaspartate,C4H4NO4,c0,-1,
cpd00638_c0,Deamido-NAD,C21H24N6O15P2,c0,-2,
cpd11587_e0,Ala-Gln,C8H15N3O4,e0,0,
cpd02701_c0,S-Adenosyl-4-methylthio-2-oxobutanoate,C15H19N5O6S,c0,0,
cpd11497_c0,4-methyl-3-hydroxy-hexanoyl-ACP,C18H33N2O9PRS,c0,-1,
cpd00289_c0,Geranylgeranyl diphosphate,C20H34O7P2,c0,-2,
cpd00093_c0,Anthranilate,C7H6NO2,c0,-1,
cpd00345_c0,5-Methyltetrahydrofolate,C20H23N7O6,c0,-2,
cpd03606_c0,2-Oxo-3-hydroxy-4-phosphobutanoate,C4H4O8P,c0,-3,
cpd00264_c0,Spermidine,C7H22N3,c0,3,
cpd02920_c0,2-Amino-4-hydroxy-6-hydroxymethyl-7-8-dihydropteridinediphosphate,C7H8N5O8P2,c0,-3,
cpd00069_c0,L-Tyrosine,C9H11NO3,c0,0,
cpd00822_c0,O-Succinyl-L-homoserine,C8H12NO6,c0,-1,
cpd11513_c0,12-methyl-3-hydroxy-tetra-decanoyl-ACP,C26H49N2O9PRS,c0,-1,
cpd01186_c0,L-Fuculose,C6H12O5,c0,0,
cpd00214_c0,Palmitate,C16H31O2,c0,-1,
cpd15675_c0,1-anteisopentadecanoyl-sn-glycerol 3-phosphate,C18H36O7P,c0,-1,
IscS_with_bound_sulfur_c0,IscS_with_bound_sulfur_c0,X,c0,0,
cpd03422_c0,Cobinamide,C48H72CoN11O8,c0,0,
cpd00039_e0,L-Lysine,C6H15N2O2,e0,1,
cpd15550_c0,phospho-heptosyl-phospho-heptosyl-heptosyl-kdo2-lipidA,C131H230N2O63P4,c0,-10,
cpd00421_c0,Triphosphate,HO10P3,c0,-4,
cpd00531_c0,Hg2+,Hg,c0,2,
cpd00052_c0,CTP,C9H13N3O14P3,c0,-3,
cpd00041_e0,L-Aspartate,C4H6NO4,e0,-1,
cpd00309_c0,XAN,C5H4N4O2,c0,0,
cpd00164_e0,Glucuronate,C6H9O7,e0,-1,
cpd11572_c0,trans-Octodec-2-enoyl-ACP,C29H53N2O8PRS,c0,-1,
cpd00492_c0,N-Acetyl-D-mannosamine,C8H15NO6,c0,0,
cpd00103_c0,PRPP,C5H9O14P3,c0,-4,
cpd00516_c0,"meso-2,6-Diaminopimelate",C7H14N2O4,c0,0,
cpd02991_c0,phosphoribulosylformimino-AICAR-phosphate,C15H21N5O15P2,c0,-4,
cpd03830_c0,ADP-D-glycero-D-manno-heptose,C17H25N5O16P2,c0,-2,
cpd11498_c0,4-methyl-trans-hex-2-enoyl-ACP,C18H31N2O8PRS,c0,-1,
cpd00509_c0,deoxyribose-1-phosphate,C5H9O7P,c0,-2,
cpd00105_c0,D-Ribose,C5H10O5,c0,0,
cpd00296_c0,dGMP,C10H12N5O7P,c0,-2,
cpd00793_e0,Thiamine phosphate,C12H17N4O4PS,e0,0,
cpd00493_c0,Pyridoxamine phosphate,C8H12N2O5P,c0,-1,
cpd16093_c0,phosphatidylserine (Saureus),X,c0,0,
cpd00254_c0,Mg,Mg,c0,2,
cpd00525_c0,UDP-N-acetylmuramoyl-L-alanyl-D-glutamate,C28H39N5O23P2,c0,-4,
cpd11556_c0,8-methyl-trans-non-2-enoyl-ACP,C21H37N2O8PRS,c0,-1,
cpd00905_c0,"Guanosine 3',5'-bis(diphosphate)",C10H12N5O17P4,c0,-5,
cpd03114_c0,3-Oxopalmitoyl-CoA,C37H60N7O18P3S,c0,-4,
cpd11590_c0,met-L-ala-L,C8H15N2O3S,c0,-1,
cpd00260_c0,Isocitrate,C6H5O7,c0,-3,
cpd12005_c0,Lipoylprotein,C8H14NORS2,c0,0,
cpd02547_c0,(R)-1-Aminopropan-2-yl phosphate,C3H9NO4P,c0,-1,
cpd15561_c0,Ubiquinol-8,C49H76O4,c0,0,
cpd11485_c0,3-oxohexadecanoyl-acp,C27H50N2O9PRS,c0,-2,
cpd02147_c0,4-Phosphoerythronate,C4H6O8P,c0,-3,
cpd02371_c0,"D-Tagatose 1,6-biphosphate",C6H10O12P2,c0,-4,
cpd00426_c0,Homogentisate,C8H7O4,c0,-1,
cpd15489_c0,inner core oligosaccharide lipid A,C145H255N2O74P4,c0,-7,
cpd02546_c0,CMP-KDO,C17H24N3O15P,c0,-2,
cpd00894_c0,2-Dehydro-3-deoxy-D-galactonate,C6H9O6,c0,-1,
cpd15799_c0,Isohexadecanoylcardiolipin (B. subtilis),C73H140O17P2,c0,-2,
cpd00118_c0,Putrescine,C4H14N2,c0,2,
cpd01171_e0,Dulcose,C6H14O6,e0,0,
cpd02857_c0,DAHP,C7H10O10P,c0,-3,
cpd11545_c0,isobutyryl-ACP,C15H27N2O8PRS,c0,-2,
cpd00508_c0,3MOP,C6H9O3,c0,-1,
cpd00292_c0,HMG-CoA,C27H39N7O20P3S,c0,-5,
cpd08286_c0,2-C-methyl-D-erythritol4-phosphate,C5H11O7P,c0,-2,
cpd00135_c0,Homocysteine,C4H9NO2S,c0,0,
cpd00219_c0,Prephenate,C10H8O6,c0,-2,
cpd00532_c0,O2-,O2,c0,-1,
cpd15312_c0,"1,2-Diacyl-sn-glycerol dioctadec-11-enoyl",C39H72O5,c0,0,
cpd15342_c0,2-Acyl-sn-glycero-3-phosphoethanolamine octadec-11-enoyl,C23H46NO7P,c0,0,
cpd00019_c0,S-Adenosyl-homocysteine,C14H20N6O5S,c0,0,
cpd00635_c0,Cbl,C62H88CoN13O14P,c0,-1,
cpd01211_c0,Thiocyanate,CNS,c0,-1,
cpd15706_c0,"1,2-Diisohexadecanoyl-sn-glycerol",C35H68O5,c0,0,
cpd15549_c0,phospho-heptosyl-heptosyl-kdo2-lipidA,C124H219N2O54P3,c0,-8,
cpd15485_c0,heptosyl-kdo2-lipidA,C117H208N2O45P2,c0,-6,
cpd00807_c0,L-histidinol-phosphate,C6H11N3O4P,c0,-1,
cpd00834_c0,Phosphopantetheine,C11H21N2O7PS,c0,-2,
cpd00875_c0,KDO,C8H13O8,c0,-1,
cpd00773_c0,UDP-MurNAc,C20H28N3O19P2,c0,-3,
cpd11532_c0,9-methyl-decanoyl-ACP,C22H41N2O8PRS,c0,-1,
cpd00130_c0,L-Malate,C4H4O5,c0,-2,
cpd00063_e0,Ca2+,Ca,e0,2,
cpd15725_c0,Diisopentadecanoylphosphatidylglycerol,C36H70O10P,c0,-1,
cpd00502_c0,5-Formiminotetrahydrofolate,C20H22N8O6,c0,-2,
cpd11606_e0,Menaquinone 7,C46H64O2,e0,0,
cpd03561_c0,2-Hydroxybutyrate,C4H7O3,c0,-1,
cpd11582_c0,ala-L-Thr-L,C7H14N2O4,c0,0,
cpd11483_c0,(R)-3-Hydroxyoctanoyl-[acyl-carrier protein],C19H36N2O9PRS,c0,-2,
cpd00105_e0,D-Ribose,C5H10O5,e0,0,
cpd00112_c0,CMP-N-acetylneuraminate,C20H29N4O16P,c0,-2,
cpd00143_c0,Phenylpyruvate,C9H7O3,c0,-1,
cpd03125_c0,(2E)-Hexenoyl-CoA,C27H40N7O17P3S,c0,-4,
cpd15693_c0,Dianteisopentadecanoylphosphatidylserine,C36H68NO10P,c0,-2,
cpd02258_c0,4-Hydroxy-2-oxovalerate,C5H7O4,c0,-1,
cpd03519_c0,"2,5-Diaminopyrimidine nucleoside triphosphate",C9H14N5O14P3,c0,-4,
cpd15362_c0,2-tetradec-7-enoyl-sn-glycerol 3-phosphate,C17H32O7P,c0,-1,
cpd00017_c0,S-Adenosyl-L-methionine,C15H23N6O5S,c0,1,
cpd00400_c0,Acrylate,C3H3O2,c0,-1,
cpd01012_e0,Cd2+,Cd,e0,2,
cpd00006_c0,NADP,C21H25N7O17P3,c0,-3,
cpd15524_c0,"1,2-dihexadecanoyl-sn-glycerol 3-phosphate",C35H68O8P,c0,-1,
cpd02882_c0,4--1-D-Ribitylamino-5-aminouracil,C9H16N4O6,c0,0,
cpd11489_c0,3-oxododecanoyl-acp,C23H42N2O9PRS,c0,-2,
cpd00869_c0,4-methylthio 2-oxobutyrate,C5H7O3S,c0,-1,
cpd15341_c0,2-Acyl-sn-glycero-3-phosphoethanolamine (n-C18:0),C23H48NO7P,c0,0,
cpd01501_c0,2-Methylcitrate,C7H7O7,c0,-3,
cpd11441_c0,fa6coa,C37H63N7O17P3S,c0,-3,
cpd00294_c0,dAMP,C10H12N5O6P,c0,-2,
cpd00308_e0,Malonate,C3H2O4,e0,-2,
cpd00830_c0,4-Hydroxy-2-oxoglutarate,C5H4O6,c0,-2,
cpd15680_c0,"1,2-diisopentadecanoyl-sn-glycerol 3-phosphate",C33H64O8P,c0,-1,
cpd00034_e0,Zn2+,Zn,e0,2,
cpd16067_c0,CDPdiacylglycerol (Saureus),X,c0,0,
cpd15310_c0,"1,2-Diacyl-sn-glycerol dihexadec-9-enoyl",C35H64O5,c0,0,
cpd00655_c0,Dephospho-CoA,C21H33N7O13P2S,c0,-2,
cpd15328_c0,1-octadec-11-enoyl-sn-glycerol 3-phosphate,C21H40O7P,c0,-1,
cpd00054_c0,L-Serine,C3H7NO3,c0,0,
cpd03052_c0,Imidazole acetaldehyde,C5H6N2O,c0,0,
cpd04097_e0,Pb,Pb,e0,2,
cpd02993_c0,Lipid IV(A),C68H126N2O23P2,c0,-4,
cpd00626_c0,dTDPglucose,C16H24N2O16P2,c0,-2,
cpd02211_c0,L-2-Amino-acetoacetate,C4H7NO3,c0,0,
cpd10515_c0,Fe+2,Fe,c0,2,
cpd00393_c0,Folate,C19H17N7O6,c0,-2,
cpd03128_c0,Decanoyl-CoA,C31H50N7O17P3S,c0,-4,
cpd11484_c0,HMA,C25H47N2O9PRS,c0,-1,
cpd11553_c0,6-methyl-heptanoyl-ACP,C19H35N2O8PRS,c0,-1,
cpd00027_e0,D-Glucose,C6H12O6,e0,0,
cpd00076_e0,Sucrose,C12H22O11,e0,0,
cpd01307_e0,D-Lyxitol,C5H12O5,e0,0,
cpd00251_c0,ADPribose,C15H21N5O14P2,c0,-2,
cpd00145_c0,Hydroxypyruvate,C3H3O4,c0,-1,
cpd00084_c0,L-Cysteine,C3H7NO2S,c0,0,
cpd11522_c0,5-methyl-3-hydroxy-hexanoyl-ACP,C18H33N2O9PRS,c0,-1,
cpd01734_c0,"D-Galactono-1,5-lactone",C6H10O6,c0,0,
cpd11501_c0,6-methyl-3-hydroxy-octanoyl-ACP,C20H37N2O9PRS,c0,-1,
cpd01476_c0,Protoporphyrin,C34H32N4O4,c0,-2,
cpd02893_c0,5'-Phosphoribosyl-4-carboxy-5-aminoimidazole,C9H12N3O9P,c0,-2,
cpd15797_c0,Isopentadecanoylcardiolipin (B. subtilis),C69H132O17P2,c0,-2,
cpd11467_c0,(2E)-Tetradecenoyl-[acp],C25H45N2O8PRS,c0,-2,
cpd12689_c0,3-Oxotetradecanoyl-CoA,C35H56N7O18P3S,c0,-4,
cpd00873_c0,Nicotinate ribonucleotide,C11H12NO9P,c0,-2,
cpd01078_c0,Selenide,HSe,c0,-1,
cpd01973_c0,4-Guanidinobutanamide,C5H13N4O,c0,1,
cpd00922_c0,delta1-Piperideine-2-carboxylate,C6H9NO2,c0,0,
cpd01161_c0,D-Fuconate,C6H11O6,c0,-1,
cpd12225_c0,Dihydrolipolprotein,C8H16NORS2,c0,0,
cpd00064_e0,Ornithine,C5H13N2O2,e0,1,
cpd00264_e0,Spermidine,C7H22N3,e0,3,
cpd15534_c0,phosphatidylethanolamine dioctadec-11-enoyl,C41H78NO8P,c0,0,
cpd12227_c0,L-Glutamyl-tRNA-Glu,C25H34N6O19P2R2,c0,-2,
cpd11593_e0,ala-L-asp-L,C7H11N2O5,e0,-1,
cpd11517_c0,14-methyl-3-hydroxy-hexa-decanoyl-ACP,C28H53N2O9PRS,c0,-1,
cpd02597_c0,cis-2-Methylaconitate,C7H5O6,c0,-3,
cpd00023_e0,L-Glutamate,C5H8NO4,e0,-1,
cpd00722_c0,O-Acetyl-L-serine,C5H9NO4,c0,0,
cpd08288_c0,2-phospho-4--cytidine5-diphospho-2-C-methyl-D-erythritol,C14H22N3O17P3,c0,-4,
cpd03414_c0,UroporphyrinogenI,C40H36N4O16,c0,-8,
cpd00379_c0,Glutarate,C5H6O4,c0,-2,
cpd11507_c0,8-methyl-decanoyl-ACP,C22H41N2O8PRS,c0,-1,
cpd00029_e0,Acetate,C2H3O2,e0,-1,
cpd00438_c0,Deoxyadenosine,C10H13N5O3,c0,0,
cpd01242_c0,Thyminose,C5H10O4,c0,0,
cpd00461_c0,Oxopent-4-enoate,C5H5O3,c0,-1,
cpd02691_c0,2-methyl-3-hydroxy-butyryl-CoA,C26H40N7O18P3S,c0,-4,
cpd02930_c0,Lipid X,C34H64NO12P,c0,-2,
cpd02843_c0,D-erythro-imidazol-glycerol-phosphate,C6H9N2O6P,c0,-2,
cpd02693_c0,3-Isopropylmalate,C7H10O5,c0,-2,
cpd01665_c0,D-O-Phosphoserine,C3H6NO6P,c0,-2,
cpd11580_e0,Gly-Gln,C7H13N3O4,e0,0,
cpd00347_c0,5-10-Methenyltetrahydrofolate,C20H20N7O6,c0,-1,
cpd00222_e0,GLCN,C6H11O7,e0,-1,
cpd00011_c0,CO2,CO2,c0,0,
cpd02720_c0,5-Amino-6--5-phosphoribitylaminouracil,C9H15N4O9P,c0,-2,
cpd15307_c0,"1,2-Diacyl-sn-glycerol ditetradecanoyl",C31H60O5,c0,0,
cpd00443_c0,ABEE,C7H6NO2,c0,-1,
cpd03915_c0,Cob(I)yrinate diamide,C45H56CoN6O12,c0,-5,
cpd00249_c0,Uridine,C9H12N2O6,c0,0,
cpd00073_e0,Urea,CH4N2O,e0,0,
cpd15533_c0,phosphatidylethanolamine dioctadecanoyl,C41H82NO8P,c0,0,
cpd11830_c0,S-Aminomethyldihydrolipoylprotein,C9H20N2ORS2,c0,1,
cpd01630_c0,"cis,cis-Muconate",C6H4O4,c0,-2,
cpd15484_c0,heptosyl-heptosyl-kdo2-lipidA,C124H220N2O51P2,c0,-6,
cpd11589_e0,gly-asp-L,C6H9N2O5,e0,-1,
cpd00058_c0,Cu2+,Cu,c0,2,
cpd00063_c0,Ca2+,Ca,c0,2,
cpd03518_c0,Formamidopyrimidine nucleoside triphosphate,C10H14N5O15P3,c0,-4,
cpd03496_c0,"Undecaprenyl-diphospho-N-acetylmuramoyl-(N-acetylglucosamine)-L-alanyl-D-glutaminyl-meso-2,6-diaminopimeloyl-D-alanyl-D-alanine",C95H154N9O27P2,c0,-3,
cpd02656_c0,6-7-Dimethyl-8--1-D-ribityllumazine,C13H17N4O6,c0,-1,
cpd00134_c0,Palmitoyl-CoA,C37H62N7O17P3S,c0,-4,
cpd01293_c0,5-Oxoproline,C5H6NO3,c0,-1,
cpd11559_c0,10-methyl-3-hydroxy-undecanoyl-ACP,C23H43N2O9PRS,c0,-1,
cpd03706_c0,UppppU,C18H22N4O23P4,c0,-4,
cpd08928_c0,L-Threonine phosphate,C4H8NO6P,c0,-2,
cpd15683_c0,"CDP-1,2-diisoheptadecanoylglycerol",C46H83N3O15P2,c0,-2,
cpd15690_c0,Dianteisoheptadecanoylphosphatidylserine,C40H76NO10P,c0,-2,
cpd15327_c0,1-hexadecanoyl-sn-glycerol 3-phosphate,C19H38O7P,c0,-1,
cpd11566_c0,14-methyl-3-oxo-pentadecanoyl-ACP,C27H49N2O9PRS,c0,-1,
cpd15721_c0,Diisohexadecanoylphosphatidylglycerophosphate,C38H74O13P2,c0,-2,
cpd00477_c0,N-Acetyl-L-glutamate,C7H9NO5,c0,-2,
cpd01270_c0,FMNH2,C17H21N4O9P,c0,-2,
cpd00644_c0,PAN,C9H16NO5,c0,-1,
cpd00863_c0,beta-D-Glucose 6-phosphate,C6H11O9P,c0,-2,
cpd15358_c0,2-octadecanoyl-sn-glycerol 3-phosphate,C21H42O7P,c0,-1,
cpd00166_c0,Calomide,C72H100CoN18O17P,c0,0,
cpd00051_e0,L-Arginine,C6H15N4O2,e0,1,
cpd11526_c0,7-methyl-3-hydroxy-octanoyl-ACP,C20H37N2O9PRS,c0,-1,
cpd15793_c0,Stearoylcardiolipin (B. subtilis),C81H156O17P2,c0,-2,
cpd17042_c0,DNA replication,X,c0,0,
cpd00481_c0,Isobutyryl-CoA,C25H38N7O17P3S,c0,-4,
cpd11430_c0,fa1,C14H27O2,c0,-1,
cpd00095_c0,Glycerone-phosphate,C3H5O6P,c0,-2,
cpd08615_c0,1-Hydroxy-2-methyl-2-butenyl 4-diphosphate,C5H10O8P2,c0,-2,
cpd03487_c0,Undecaprenyl-diphospho-N-acetylmuramoyl-(N-acetylglucosamine)-L-alanyl-D-glutamyl-L-lysyl-D-alanyl-D-alanine,C94H153N8O26P2,c0,-3,
cpd02730_c0,3-Deoxy-D-manno-octulosonate8-phosphate,C8H12O11P,c0,-3,
cpd02113_c0,dTDP-rhamnose,C16H24N2O15P2,c0,-2,
cpd00523_c0,Trehalose 6-phosphate,C12H21O14P,c0,-2,
cpd11421_c0,trdrd,C10H15N4O4R4S2,c0,1,
cpd03585_c0,KDO-lipid IV(A),C76H137N2O30P2,c0,-5,
cpd00242_c0,H2CO3,CHO3,c0,-1,
cpd03189_c0,3-Carboxy-1-hydroxypropyl-ThPP,C16H22N4O10P2S,c0,-2,
cpd01155_c0,Cadaverine,C5H16N2,c0,2,
cpd11535_c0,11-methyl-trans-dodec-2-enoyl-ACP,C24H43N2O8PRS,c0,-1,
cpd00742_c0,Allophanate,C2H3N2O3,c0,-1,
cpd03584_c0,UDP-3-O-(beta-hydroxymyristoyl)-D-glucosamine,C29H50N3O18P2,c0,-1,
cpd00110_c0,Cytochrome c2+,C42H42FeN8O8R4S2,c0,-2,
cpd03913_c0,Hydrogenobyrinate diamide,C45H60N6O12,c0,-2,
cpd00352_c0,delta1-Piperideine-6-L-carboxylate,C6H8NO2,c0,-1,
cpd00637_c0,D-Methionine,C5H11NO2S,c0,0,
cpd04920_c0,D-Glycero-D-manno-heptose1-phosphate,C7H13O10P,c0,-2,
cpd01329_e0,Maltohexaose,C36H62O31,e0,0,
cpd11474_c0,Decanoyl-ACP,C21H40N2O8PRS,c0,-2,
cpd11571_c0,3-Hydroxyoctodecanoyl-ACP,C29H55N2O9PRS,c0,-1,
cpd00031_c0,GDP,C10H13N5O11P2,c0,-2,
cpd00079_c0,D-glucose-6-phosphate,C6H11O9P,c0,-2,
cpd00782_c0,Pimeloyl-CoA,C28H41N7O19P3S,c0,-5,
cpd15531_c0,phosphatidylethanolamine dihexadecanoyl,C37H74NO8P,c0,0,
cpd00216_c0,Chorismate,C10H8O6,c0,-2,
cpd00254_e0,Mg,Mg,e0,2,
cpd00139_e0,Glycolate,C2H3O3,e0,-1,
cpd00978_c0,dUDP,C9H12N2O11P2,c0,-2,
cpd00750_e0,D-Fucose,C6H12O5,e0,0,
cpd00075_c0,Nitrite,HNO2,c0,0,
cpd11551_c0,6-methyl-3-hydroxy-heptanoyl-ACP,C19H35N2O9PRS,c0,-1,
cpd00072_e0,D-fructose-6-phosphate,C6H11O9P,e0,-2,
cpd00117_e0,D-Alanine,C3H7NO2,e0,0,
cpd00246_e0,Inosine,C10H12N4O5,e0,0,
cpd00475_c0,Ribose 1-phosphate,C5H9O8P,c0,-2,
cpd00035_e0,L-Alanine,C3H7NO2,e0,0,
cpd00132_e0,L-Asparagine,C4H8N2O3,e0,0,
